user.id,image,emotion
302,Donald_Rumsfeld_0006.jpg,neutral
302,Colin_Powell_0195.jpg,neutral
302,Fred_Eckhard_0002.jpg,neutral
302,Inocencio_Arias_0001.jpg,neutral
dwdii,Roger_Federer_0012.jpg,neutral
302,Dick_Devine_0001.jpg,neutral
JN721,Kobe_Bryant_0003.jpg,neutral
302,Igor_Ivanov_0002.jpg,neutral
dwdii,Paul_ONeill_0004.jpg,neutral
302,Duncan_Fletcher_0001.jpg,neutral
302,James_Kelly_0006.jpg,neutral
JN721,Leo_Ramirez_0001.jpg,neutral
dwdii,Roberto_Marinho_0002.jpg,neutral
dwdii,Paul_Bremer_0006.jpg,neutral
302,Colin_Powell_0222.jpg,neutral
302,Akhmed_Zakayev_0002.jpg,neutral
dwdii,Taufik_Hidayat_0002.jpg,neutral
302,Fernando_Gonzalez_0008.jpg,neutral
dwdii,Junichiro_Koizumi_0017.jpg,neutral
dwdii,Mohammad_Hasanein_0001.jpg,neutral
302,Horst_Koehler_0002.jpg,neutral
dwdii,Tom_Daschle_0011.jpg,neutral
302,Danis_Tanovic_0001.jpg,neutral
dwdii,Richard_Myers_0018.jpg,neutral
302,Alecos_Markides_0001.jpg,neutral
dwdii,Peter_Ahearn_0001.jpg,neutral
302,Ariel_Sharon_0076.jpg,neutral
dwdii,John_Kerry_0013.jpg,neutral
302,Atal_Bihari_Vajpayee_0003.jpg,neutral
dwdii,Jose_Maria_Aznar_0011.jpg,neutral
dwdii,Sean_OKeefe_0003.jpg,neutral
dwdii,Jeffrey_Scott_Postell_0002.jpg,neutral
302,Craig_Wilson_0001.jpg,neutral
302,Bob_Dole_0003.jpg,neutral
dwdii,Theresa_May_0002.jpg,neutral
302,David_Heymann_0004.jpg,neutral
302,Atal_Bihari_Vajpayee_0020.jpg,neutral
dwdii,William_Bulger_0004.jpg,neutral
dwdii,Jean_Chretien_0053.jpg,neutral
dwdii,Tommy_Franks_0010.jpg,neutral
302,George_W_Bush_0462.jpg,neutral
dwdii,Thomas_Watjen_0001.jpg,neutral
302,Alvaro_Uribe_0008.jpg,neutral
302,Edwin_Edwards_0003.jpg,neutral
dwdii,Richard_Gere_0009.jpg,neutral
dwdii,Mike_Weir_0002.jpg,neutral
dwdii,Uthai_Pimchaichon_0001.jpg,neutral
dwdii,Jerry_McEntee_0001.jpg,neutral
302,Donald_Rumsfeld_0021.jpg,neutral
dwdii,Shamai_Leibowitz_0001.jpg,neutral
302,George_Voinovich_0002.jpg,neutral
302,Alexander_Payne_0001.jpg,neutral
dwdii,Lyle_Vanclief_0002.jpg,neutral
JN721,Kofi_Annan_0015.jpg,neutral
302,Donald_Rumsfeld_0052.jpg,neutral
302,Condoleezza_Rice_0002.jpg,neutral
dwdii,Ruth_Stubbs_0001.jpg,neutral
302,David_Caraway_0001.jpg,neutral
302,Benjamin_Netanyahu_0001.jpg,neutral
dwdii,Robert_Mueller_0004.jpg,neutral
302,Catherine_Ndereba_0001.jpg,neutral
302,Gwendal_Peizerat_0002.jpg,neutral
302,Carlos_Ghosn_0001.jpg,neutral
dwdii,Junichiro_Koizumi_0019.jpg,neutral
302,Hugo_Chavez_0010.jpg,neutral
302,Ismail_Abu_Shanab_0001.jpg,neutral
302,Benazir_Bhutto_0001.jpg,neutral
dwdii,Jose_Dirceu_0001.jpg,neutral
dwdii,Steve_Lavin_0005.jpg,neutral
302,George_W_Bush_0129.jpg,neutral
dwdii,Jeremy_Greenstock_0023.jpg,neutral
302,George_W_Bush_0102.jpg,neutral
302,Bob_Graham_0004.jpg,neutral
302,Fernando_Henrique_Cardoso_0008.jpg,neutral
jhamski,Dileep_58.jpg,neutral
dwdii,Roberta_Combs_0001.jpg,neutral
302,Dorthy_Moxley_0002.jpg,neutral
dwdii,Junichiro_Koizumi_0008.jpg,neutral
302,Bill_Graham_0009.jpg,neutral
dwdii,Sam_Rockwell_0001.jpg,neutral
302,George_W_Bush_0308.jpg,neutral
dwdii,Rodney_Rempt_0001.jpg,neutral
302,Enrique_Bolanos_0003.jpg,neutral
dwdii,Steven_Spielberg_0006.jpg,neutral
302,Charles_Moose_0008.jpg,neutral
302,Ian_Smith_0001.jpg,neutral
JN721,Kofi_Annan_0021.jpg,neutral
302,Jacqueline_Marris_0001.jpg,neutral
dwdii,Jennifer_Rodriguez_0001.jpg,neutral
302,Alvaro_Uribe_0019.jpg,neutral
302,Bob_Stoops_0006.jpg,neutral
dwdii,Jean_Chretien_0024.jpg,neutral
302,Gerry_Adams_0007.jpg,neutral
dwdii,Mohammad_Mustapha_Miro_0001.jpg,neutral
dwdii,Michael_Doleac_0001.jpg,neutral
dwdii,John_Negroponte_0015.jpg,neutral
dwdii,Nestor_Santillan_0001.jpg,neutral
302,George_W_Bush_0010.jpg,neutral
dwdii,Joe_Lieberman_0012.jpg,neutral
dwdii,John_Taylor_0002.jpg,neutral
dwdii,Jennie_Finch_0001.jpg,neutral
dwdii,Jean_Chretien_0030.jpg,neutral
302,Eduardo_Romero_0001.jpg,neutral
dwdii,Rose_Linkins_0001.jpg,neutral
302,Garry_Kasparov_0002.jpg,neutral
jhamski,FaridaJalal_71.jpg,neutral
dwdii,Nebojsa_Pavkovic_0001.jpg,neutral
dwdii,Vladimir_Putin_0033.jpg,neutral
JN721,LK_Advani_0002.jpg,neutral
dwdii,Sun_Myung_Moon_0001.jpg,neutral
dwdii,Kay_Behrensmeyer_0001.jpg,neutral
dwdii,Yoriko_Kawaguchi_0002.jpg,neutral
dwdii,Mike_Webster_0001.jpg,neutral
dwdii,Michael_Munoz_0001.jpg,neutral
dwdii,Tom_Harkin_0003.jpg,neutral
dwdii,Richard_Parsons_0001.jpg,neutral
dwdii,Michael_Shane_Jolly_0001.jpg,neutral
dwdii,Johnson_Panjaitan_0001.jpg,neutral
302,David_McKiernan_0001.jpg,neutral
302,Bob_Crippen_0001.jpg,neutral
302,David_Blaine_0001.jpg,neutral
dwdii,Recep_Tayyip_Erdogan_0029.jpg,neutral
302,Ariel_Sharon_0072.jpg,neutral
dwdii,Lleyton_Hewitt_0010.jpg,neutral
dwdii,John_Richardson_0001.jpg,neutral
302,Alex_Cabrera_0001.jpg,neutral
dwdii,Juan_Carlos_Ferrero_0016.jpg,neutral
dwdii,Rick_Santorum_0002.jpg,neutral
dwdii,Junichiro_Koizumi_0037.jpg,neutral
302,Barbara_Becker_0001.jpg,neutral
dwdii,Sergio_Vieira_De_Mello_0008.jpg,neutral
302,Frank_Taylor_0001.jpg,neutral
dwdii,Spencer_Abraham_0007.jpg,neutral
302,Bernard_Law_0003.jpg,neutral
dwdii,Tony_Blair_0096.jpg,neutral
dwdii,Lydia_Shum_0001.jpg,neutral
302,Ernest_Hollings_0001.jpg,neutral
302,George_W_Bush_0047.jpg,neutral
dwdii,Julie_Taymor_0002.jpg,neutral
302,Gao_Qiang_0001.jpg,neutral
dwdii,Michael_J_Fox_0001.jpg,neutral
302,Donald_Carty_0001.jpg,neutral
302,George_W_Bush_0087.jpg,neutral
dwdii,Samira_Makhmalbaf_0002.jpg,neutral
302,Ariel_Sharon_0015.jpg,neutral
302,Chip_Burrus_0001.jpg,neutral
dwdii,John_Howard_0006.jpg,neutral
dwdii,Rubens_Barrichello_0011.jpg,neutral
dwdii,Vladimiro_Montesinos_0003.jpg,neutral
dwdii,Mohamed_ElBaradei_0002.jpg,neutral
302,George_W_Bush_0290.jpg,neutral
dwdii,Junichiro_Koizumi_0044.jpg,neutral
302,Gordana_Grubin_0001.jpg,neutral
dwdii,Mike_Duke_0001.jpg,neutral
302,David_Wells_0003.jpg,neutral
302,Adam_Scott_0001.jpg,neutral
302,Hedayat_Amin_Arsala_0001.jpg,neutral
302,Colin_Powell_0022.jpg,neutral
dwdii,Richard_Ward_0001.jpg,neutral
dwdii,Jennifer_Capriati_0042.jpg,neutral
dwdii,Paul_McCartney_0002.jpg,neutral
dwdii,Paul_ONeill_0009.jpg,neutral
302,Gerhard_Schroeder_0044.jpg,neutral
dwdii,Roger_Penske_0001.jpg,neutral
JN721,Kim_Ryong-sung_0006.jpg,neutral
302,Enrique_Medina_Gomez_0001.jpg,neutral
302,Derrick_Rodgers_0001.jpg,neutral
dwdii,Jim_Edmonds_0002.jpg,neutral
dwdii,Scott_Peterson_0001.jpg,neutral
dwdii,John_Allen_Muhammad_0010.jpg,neutral
302,Alvaro_Uribe_0011.jpg,neutral
302,Bruce_Gebhardt_0001.jpg,neutral
302,Colin_Powell_0115.jpg,neutral
302,Gregg_Popovich_0002.jpg,neutral
dwdii,Tassos_Papadopoulos_0003.jpg,neutral
302,Charles_Taylor_0001.jpg,neutral
dwdii,Mahmoud_Abbas_0029.jpg,neutral
302,Edward_Said_0001.jpg,neutral
jhamski,HrithikRoshan_99.jpg,neutral
302,George_W_Bush_0485.jpg,neutral
dwdii,Nick_Nolte_0003.jpg,neutral
302,Alexander_Losyukov_0004.jpg,neutral
dwdii,Sergei_Yastrzhembsky_0001.jpg,neutral
dwdii,Joey_Mantia_0001.jpg,neutral
302,Arminio_Fraga_0006.jpg,neutral
dwdii,Tomas_Enge_0001.jpg,neutral
dwdii,Richard_Virenque_0004.jpg,neutral
dwdii,Rebekah_Chantay_Revels_0002.jpg,neutral
302,Colin_Powell_0090.jpg,neutral
302,Gerhard_Schroeder_0035.jpg,neutral
302,George_W_Bush_0279.jpg,neutral
302,Cindy_Margolis_0002.jpg,neutral
dwdii,Julianne_Moore_0015.jpg,neutral
302,Geoff_Hoon_0001.jpg,neutral
dwdii,Trent_Lott_0013.jpg,neutral
302,Ahmad_Masood_0002.jpg,neutral
dwdii,Norah_Jones_0012.jpg,neutral
dwdii,Ron_Lantz_0001.jpg,neutral
dwdii,Yao_Ming_0002.jpg,neutral
302,Annette_Lu_0002.jpg,neutral
dwdii,Morgan_Freeman_0001.jpg,neutral
dwdii,Vladimir_Putin_0017.jpg,neutral
dwdii,Mohamed_Benaissa_0002.jpg,neutral
302,Cathy_Freeman_0002.jpg,neutral
dwdii,Tirunesh_Dibaba_0001.jpg,neutral
302,Asmaa_Assad_0001.jpg,neutral
JN721,Leonard_Hamilton_0001.jpg,neutral
302,Colin_Powell_0042.jpg,neutral
302,George_W_Bush_0066.jpg,neutral
dwdii,Marc_Grossman_0003.jpg,neutral
dwdii,Juan_Manuel_Marquez_0003.jpg,neutral
302,George_W_Bush_0089.jpg,neutral
dwdii,Juanes_0002.jpg,neutral
dwdii,Vladimir_Putin_0035.jpg,neutral
dwdii,Yasser_Arafat_0006.jpg,neutral
302,Bob_Colvin_0002.jpg,neutral
302,Allyson_Felix_0001.jpg,neutral
dwdii,Ron_Dittemore_0003.jpg,neutral
dwdii,Nate_Huffman_0001.jpg,neutral
302,Chris_Simon_0001.jpg,neutral
302,Colin_Powell_0154.jpg,neutral
302,Bob_Graham_0005.jpg,neutral
302,Hassan_Nasrallah_0002.jpg,neutral
302,George_W_Bush_0177.jpg,neutral
dwdii,Maggie_Smith_0001.jpg,neutral
dwdii,Jay_Garner_0002.jpg,neutral
dwdii,Paul_Bremer_0018.jpg,neutral
302,Hugo_Chavez_0003.jpg,neutral
302,Glafcos_Clerides_0002.jpg,neutral
dwdii,Shaun_Rusling_0001.jpg,neutral
dwdii,Mario_Lobo_Zagallo_0001.jpg,neutral
302,Gray_Davis_0001.jpg,neutral
302,Einars_Repse_0001.jpg,neutral
JN721,Lee_Byung-woong_0001.jpg,neutral
dwdii,Se_Hyuk_Joo_0001.jpg,neutral
302,Henry_Castellanos_0001.jpg,neutral
302,Emanuel_Ginobili_0001.jpg,neutral
dwdii,Vladimir_Putin_0028.jpg,neutral
dwdii,Yuri_Luzhkov_0001.jpg,neutral
jhamski,FaridaJalal_70.jpg,neutral
302,Ain_Seppik_0001.jpg,neutral
302,Eric_Bana_0001.jpg,neutral
302,Donald_Rumsfeld_0074.jpg,neutral
302,George_W_Bush_0215.jpg,neutral
302,Brian_Mulroney_0001.jpg,neutral
dwdii,Robert_Bonner_0003.jpg,neutral
302,Bill_Simon_0006.jpg,neutral
dwdii,Robert_Evans_0001.jpg,neutral
302,Arnold_Schwarzenegger_0026.jpg,neutral
302,Jan_Ullrich_0001.jpg,neutral
302,James_Kelly_0007.jpg,neutral
302,Elmar_Brok_0001.jpg,neutral
302,Holly_Hunter_0007.jpg,neutral
jhamski,Dileep_89.jpg,neutral
dwdii,Tuncay_Sanli_0001.jpg,neutral
dwdii,Jean-Pierre_Bemba_0001.jpg,neutral
302,Ariel_Sharon_0066.jpg,neutral
302,David_Nalbandian_0005.jpg,neutral
302,Byron_Scott_0001.jpg,neutral
302,Charles_Pouty_0001.jpg,neutral
dwdii,Roger_Corbett_0001.jpg,neutral
dwdii,John_Jumper_0001.jpg,neutral
dwdii,Michael_Jackson_0009.jpg,neutral
302,Dominique_de_Villepin_0007.jpg,neutral
dwdii,Junichiro_Koizumi_0012.jpg,neutral
dwdii,Joe_Gatti_0002.jpg,neutral
302,Colin_Powell_0148.jpg,neutral
302,James_Dingemans_0001.jpg,neutral
dwdii,Tom_Daschle_0016.jpg,neutral
jhamski,Dileep_64.jpg,neutral
dwdii,Mian_Khursheed_Mehmood_Kasuri_0002.jpg,neutral
dwdii,Jessica_Biel_0001.jpg,neutral
dwdii,Sadam_Hassan_0001.jpg,neutral
dwdii,Yao_Ming_0005.jpg,neutral
302,George_W_Bush_0136.jpg,neutral
dwdii,Jose_Luis_Santiago_Vasconcelos_0001.jpg,neutral
302,Ariel_Sharon_0005.jpg,neutral
dwdii,Junichiro_Koizumi_0049.jpg,neutral
302,Ciaran_Hinds_0001.jpg,neutral
302,Eliza_Dushku_0001.jpg,neutral
302,George_W_Bush_0155.jpg,neutral
dwdii,Mike_Krzyzewski_0001.jpg,neutral
dwdii,Toshi_Izawa_0001.jpg,neutral
dwdii,Michael_Schumacher_0012.jpg,neutral
dwdii,Phil_Mickelson_0002.jpg,neutral
dwdii,Stefaan_Declerk_0001.jpg,neutral
302,James_Kelly_0005.jpg,neutral
302,Adriana_Lima_0001.jpg,neutral
dwdii,Robert_Gordon_Card_0001.jpg,neutral
dwdii,John_Ashcroft_0015.jpg,neutral
dwdii,Thomas_OBrien_0001.jpg,neutral
302,Ariel_Sharon_0047.jpg,neutral
dwdii,Tony_Blair_0085.jpg,neutral
dwdii,Jose_Manuel_Durao_Barroso_0001.jpg,neutral
dwdii,Luiz_Inacio_Lula_da_Silva_0030.jpg,neutral
302,Abdullah_Gul_0006.jpg,neutral
dwdii,Scott_Peterson_0003.jpg,neutral
dwdii,Jean_Charest_0013.jpg,neutral
dwdii,Jiri_Novak_0007.jpg,neutral
302,Habib_Rizieq_0005.jpg,neutral
dwdii,Robin_Johansen_0001.jpg,neutral
dwdii,Jiri_Novak_0011.jpg,neutral
302,Fidel_Castro_0002.jpg,neutral
302,Colin_Powell_0189.jpg,neutral
dwdii,Jeremy_Gompertz_0001.jpg,neutral
dwdii,Robert_Torricelli_0002.jpg,neutral
dwdii,John_Ashcroft_0029.jpg,neutral
dwdii,Joe_Lieberman_0011.jpg,neutral
dwdii,Prince_Charles_0003.jpg,neutral
dwdii,Tony_Blair_0075.jpg,neutral
302,Colin_Powell_0009.jpg,neutral
302,Ann_Veneman_0006.jpg,neutral
302,Colin_Powell_0193.jpg,neutral
302,Alvaro_Uribe_0029.jpg,neutral
302,Guillaume_Soro_0001.jpg,neutral
302,Henk_Bekedam_0001.jpg,neutral
dwdii,Rod_Jong-il_0001.jpg,neutral
dwdii,Tony_Blair_0137.jpg,neutral
dwdii,Luiz_Inacio_Lula_da_Silva_0043.jpg,neutral
dwdii,Jose_Sarney_0002.jpg,neutral
dwdii,Nestor_Kirchner_0014.jpg,neutral
dwdii,Scott_Peterson_0004.jpg,neutral
dwdii,Xanana_Gusmao_0001.jpg,neutral
dwdii,Jia_Qinglin_0002.jpg,neutral
dwdii,Luiz_Inacio_Lula_da_Silva_0046.jpg,neutral
dwdii,Rupert_Grint_0002.jpg,neutral
dwdii,Sergio_Vieira_De_Mello_0011.jpg,neutral
dwdii,Steve-O_0001.jpg,neutral
302,James_Blake_0003.jpg,neutral
JN721,Kurt_Thomas_0001.jpg,neutral
dwdii,Thaksin_Shinawatra_0004.jpg,neutral
dwdii,Junichiro_Koizumi_0032.jpg,neutral
dwdii,Tom_Ridge_0002.jpg,neutral
dwdii,Lleyton_Hewitt_0034.jpg,neutral
302,George_W_Bush_0364.jpg,neutral
302,Ariel_Sharon_0018.jpg,neutral
dwdii,Mario_Cipollini_0002.jpg,neutral
dwdii,Mahdi_Al_Bassam_0001.jpg,neutral
302,Enrique_Bolanos_0002.jpg,neutral
302,Bob_Stoops_0002.jpg,neutral
dwdii,Luiz_Inacio_Lula_da_Silva_0048.jpg,neutral
dwdii,Platon_Lebedev_0001.jpg,neutral
302,Abdullatif_Sener_0001.jpg,neutral
dwdii,Tony_Blair_0054.jpg,neutral
dwdii,Rachel_Hunter_0001.jpg,neutral
dwdii,Valery_Giscard_dEstaing_0001.jpg,neutral
302,Antonio_Banderas_0001.jpg,neutral
302,Gerhard_Schroeder_0089.jpg,neutral
dwdii,David_Przybyszewski_0001.jpg,neutral
302,Inga_Hall_0001.jpg,neutral
dwdii,Mike_Myers_0003.jpg,neutral
302,Ariel_Sharon_0071.jpg,neutral
302,Janet_Ecker_0001.jpg,neutral
dwdii,Lucia_Kenny_Anthony_0001.jpg,neutral
302,Abdullah_al-Attiyah_0003.jpg,neutral
302,Aiysha_Smith_0001.jpg,neutral
302,Ibrahim_Al-Marashi_0001.jpg,neutral
dwdii,Phil_Morris_0001.jpg,neutral
302,Donald_Rumsfeld_0085.jpg,neutral
dwdii,Jean-Claude_Braquet_0002.jpg,neutral
302,Arnold_Schwarzenegger_0001.jpg,neutral
302,Andrew_Gilligan_0001.jpg,neutral
302,Fatmir_Limaj_0001.jpg,neutral
302,Gray_Davis_0005.jpg,neutral
302,Hal_Gehman_0003.jpg,neutral
dwdii,Richard_Gephardt_0004.jpg,neutral
302,Andrew_Luster_0001.jpg,neutral
302,George_W_Bush_0179.jpg,neutral
302,Donald_Rumsfeld_0042.jpg,neutral
dwdii,Rick_Perry_0004.jpg,neutral
302,Ariel_Sharon_0067.jpg,neutral
302,Elinor_Caplan_0002.jpg,neutral
dwdii,Juan_Pablo_Montoya_0007.jpg,neutral
302,Gerhard_Schroeder_0034.jpg,neutral
dwdii,Yoshiyuki_Kamei_0001.jpg,neutral
dwdii,Jeremy_Greenstock_0017.jpg,neutral
302,Donald_Rumsfeld_0019.jpg,neutral
302,Ahmed_Chalabi_0001.jpg,neutral
dwdii,Takahiro_Mori_0001.jpg,neutral
dwdii,Kang_Gum-sil_0001.jpg,neutral
dwdii,Joshua_Harapko_0001.jpg,neutral
dwdii,Vojislav_Kostunica_0005.jpg,neutral
302,Igor_Ivanov_0003.jpg,neutral
302,Ariel_Sharon_0031.jpg,neutral
302,George_W_Bush_0150.jpg,neutral
302,Guillermo_Coria_0026.jpg,neutral
dwdii,Patsy_Hardy_0001.jpg,neutral
dwdii,Tiago_Splitter_0001.jpg,neutral
dwdii,Jeb_Bush_0002.jpg,neutral
dwdii,Rita_Grande_0003.jpg,neutral
dwdii,Luiz_Inacio_Lula_da_Silva_0022.jpg,neutral
302,Donald_Rumsfeld_0017.jpg,neutral
302,George_Clooney_0007.jpg,neutral
dwdii,Sean_OKeefe_0002.jpg,neutral
dwdii,Luis_Ernesto_Derbez_Bautista_0005.jpg,neutral
302,Aidan_Quinn_0001.jpg,neutral
dwdii,Osama_bin_Laden_0003.jpg,neutral
dwdii,Mike_Holmgren_0001.jpg,neutral
dwdii,Naomi_Campbell_0002.jpg,neutral
dwdii,Muhammad_Ibrahim_Bilal_0001.jpg,neutral
dwdii,Tim_Salmon_0001.jpg,neutral
302,Colin_Powell_0031.jpg,neutral
302,Clare_Short_0001.jpg,neutral
302,Hugo_Chavez_0023.jpg,neutral
302,Guillermo_Coria_0023.jpg,neutral
302,Abel_Pacheco_0003.jpg,neutral
dwdii,Woody_Allen_0002.jpg,neutral
302,Graciano_Rocchigiani_0001.jpg,neutral
dwdii,Reese_Witherspoon_0001.jpg,neutral
302,George_W_Bush_0061.jpg,neutral
302,Hun_Sen_0004.jpg,neutral
302,Dan_Bartlett_0001.jpg,neutral
302,Carla_Del_Ponte_0004.jpg,neutral
302,Gabriel_Farhi_0001.jpg,neutral
302,David_Hannay_0001.jpg,neutral
302,Dan_Prinster_0001.jpg,neutral
302,Bill_Frist_0005.jpg,neutral
dwdii,Silvio_Berlusconi_0012.jpg,neutral
302,Colin_Powell_0003.jpg,neutral
dwdii,Mohammed_Mehdi_Saleh_0001.jpg,neutral
dwdii,Taha_Yassin_Ramadan_0006.jpg,neutral
dwdii,Michael_Brandon_0001.jpg,neutral
dwdii,Kevin_Garnett_0001.jpg,neutral
dwdii,Makhdoom_Amin_Fahim_0003.jpg,neutral
302,Elizabeth_Dole_0002.jpg,neutral
dwdii,Jesse_Ventura_0003.jpg,neutral
302,George_W_Bush_0310.jpg,neutral
dwdii,Ray_Allen_0002.jpg,neutral
dwdii,Martin_Torrijos_0001.jpg,neutral
302,Bernice_Wong_0001.jpg,neutral
dwdii,Lloyd_Ward_0001.jpg,neutral
302,Al_Sharpton_0002.jpg,neutral
302,George_W_Bush_0352.jpg,neutral
302,Diane_Green_0002.jpg,neutral
dwdii,Wilbert_Elki_Meza_Majino_0001.jpg,neutral
dwdii,Ramon_Delgado_0001.jpg,neutral
302,Daryl_Sabara_0001.jpg,neutral
302,George_W_Bush_0176.jpg,neutral
JN721,Laurent_Gbagbo_0002.jpg,neutral
302,Andre_Lange_0001.jpg,neutral
302,Dustan_Mohr_0001.jpg,neutral
dwdii,Kelvin_Sampson_0003.jpg,neutral
dwdii,Paul_ONeill_0007.jpg,neutral
dwdii,John_Negroponte_0016.jpg,neutral
dwdii,Jonathan_Edwards_0008.jpg,neutral
302,Abdullah_Gul_0010.jpg,neutral
jhamski,Dileep_70.jpg,neutral
302,Askar_Akayev_0001.jpg,neutral
dwdii,Richard_Armitage_0002.jpg,neutral
dwdii,Juan_Pablo_Montoya_0004.jpg,neutral
302,Colin_Powell_0128.jpg,neutral
302,James_Meredeth_0001.jpg,neutral
302,Guy_Ritchie_0002.jpg,neutral
302,Denzel_Washington_0001.jpg,neutral
302,Atal_Bihari_Vajpayee_0015.jpg,neutral
dwdii,Tom_Daschle_0004.jpg,neutral
302,Hans_Peter_Briegel_0001.jpg,neutral
dwdii,John_Paul_DeJoria_0001.jpg,neutral
dwdii,Mika_Hakkinen_0001.jpg,neutral
302,Fernando_Henrique_Cardoso_0002.jpg,neutral
dwdii,Mark_Foley_0001.jpg,neutral
dwdii,Khalid_Qazi_0001.jpg,neutral
dwdii,Tony_Blair_0011.jpg,neutral
dwdii,Susilo_Bambang_Yudhoyono_0003.jpg,neutral
dwdii,Stan_Kroenke_0001.jpg,neutral
dwdii,Mireya_Moscoso_0005.jpg,neutral
dwdii,Jim_Bunning_0001.jpg,neutral
302,George_W_Bush_0396.jpg,neutral
dwdii,Jose_Maria_Aznar_0006.jpg,neutral
dwdii,Miguel_Jimenez_0001.jpg,neutral
dwdii,Peter_Struck_0005.jpg,neutral
302,Alexa_Loren_0001.jpg,neutral
JN721,Li_Peng_0007.jpg,neutral
dwdii,Oscar_Elias_Biscet_0002.jpg,neutral
dwdii,Benazir_Bhutto_0002.jpg,neutral
dwdii,Mitchell_Swartz_0001.jpg,neutral
dwdii,Jay_Garner_0001.jpg,neutral
dwdii,Kevin_Hearn_0001.jpg,neutral
302,George_W_Bush_0366.jpg,neutral
302,Coretta_Scott_King_0003.jpg,neutral
302,Dick_Cheney_0012.jpg,neutral
dwdii,Sachin_Tendulkar_0001.jpg,neutral
dwdii,Sergio_Castellitto_0001.jpg,neutral
JN721,Larry_Thompson_0002.jpg,neutral
302,Bill_Gates_0007.jpg,neutral
dwdii,Loretta_Lynn_Harper_0001.jpg,neutral
302,Colin_Powell_0127.jpg,neutral
dwdii,Michael_DeMinico_0001.jpg,neutral
JN721,Kofi_Annan_0008.jpg,neutral
302,Hank_McKinnell_0001.jpg,neutral
dwdii,Tom_Ridge_0024.jpg,neutral
302,Anna_Kournikova_0008.jpg,neutral
dwdii,Jonathan_Byrd_0001.jpg,neutral
dwdii,John_Edwards_0008.jpg,neutral
dwdii,Nelson_Mandela_0004.jpg,neutral
302,Alison_Lohman_0002.jpg,neutral
dwdii,John_Snow_0012.jpg,neutral
302,Alejandro_Toledo_0028.jpg,neutral
dwdii,John_Allen_Muhammad_0007.jpg,neutral
dwdii,Tony_Blair_0130.jpg,neutral
302,Jake_Gyllenhaal_0005.jpg,neutral
302,Dan_Boyle_0001.jpg,neutral
dwdii,John_Ashcroft_0042.jpg,neutral
dwdii,Tommy_Thompson_0007.jpg,neutral
dwdii,Muhammad_Ali_0010.jpg,neutral
302,Donald_Rumsfeld_0087.jpg,neutral
302,Colin_Powell_0136.jpg,neutral
302,David_Scott_Morris_0001.jpg,neutral
302,Colin_Powell_0012.jpg,neutral
dwdii,Tony_Blair_0131.jpg,neutral
dwdii,Jennifer_Connelly_0003.jpg,neutral
302,George_W_Bush_0355.jpg,neutral
302,Emelie_Loit_0001.jpg,neutral
302,George_W_Bush_0421.jpg,neutral
302,Hans_Blix_0008.jpg,neutral
302,Donald_Rumsfeld_0091.jpg,neutral
dwdii,Patrick_Leahy_0001.jpg,neutral
302,George_W_Bush_0154.jpg,neutral
302,Gordon_Campbell_0002.jpg,neutral
302,Billy_Edelin_0001.jpg,neutral
302,George_W_Bush_0472.jpg,neutral
302,Gary_Marshall_0001.jpg,neutral
dwdii,Vincent_Brooks_0001.jpg,neutral
dwdii,Jean-David_Levitte_0002.jpg,neutral
dwdii,Vladimir_Putin_0047.jpg,neutral
302,James_Blake_0002.jpg,neutral
dwdii,Thomas_Fargo_0002.jpg,neutral
dwdii,Juan_Carlos_Ortega_0001.jpg,neutral
302,Guillermo_Ruiz_Polanco_0001.jpg,neutral
dwdii,John_Ashcroft_0048.jpg,neutral
dwdii,Masahiko_Nagasawa_0001.jpg,neutral
dwdii,Thaksin_Shinawatra_0001.jpg,neutral
302,Colin_Campbell_0001.jpg,neutral
JN721,Leander_Paes_0002.jpg,neutral
dwdii,Zara_Akhmadova_0001.jpg,neutral
302,Clare_Latimer_0001.jpg,neutral
dwdii,Joan_Laporta_0001.jpg,neutral
302,George_W_Bush_0270.jpg,neutral
302,Guillermo_Coria_0012.jpg,neutral
302,Colin_Farrell_0001.jpg,neutral
302,David_Howard_0001.jpg,neutral
302,David_Collenette_0001.jpg,neutral
302,Arthur_Martinez_0001.jpg,neutral
dwdii,Victoria_Clarke_0001.jpg,neutral
dwdii,Jason_Priestley_0001.jpg,neutral
302,Gerhard_Schroeder_0096.jpg,neutral
dwdii,Jerry_Jones_0001.jpg,neutral
302,Armand_Sargen_0001.jpg,neutral
dwdii,Shaul_Mofaz_0003.jpg,neutral
dwdii,Nicolas_Cage_0002.jpg,neutral
302,Andrew_Sabey_0001.jpg,neutral
302,Guillermo_Coria_0018.jpg,neutral
dwdii,Manfred_Reyes_Villa_0001.jpg,neutral
302,Dale_Bosworth_0001.jpg,neutral
302,Donald_Rumsfeld_0107.jpg,neutral
dwdii,Joseph_Biden_0004.jpg,neutral
302,Jason_Bentley_0001.jpg,neutral
jhamski,HrithikRoshan_96.jpg,neutral
302,Andrew_Weissmann_0001.jpg,neutral
302,Dunn_Lampton_0001.jpg,neutral
dwdii,Roh_Moo-hyun_0029.jpg,neutral
302,David_Siegel_0001.jpg,neutral
dwdii,Michael_Schumacher_0016.jpg,neutral
302,Donald_Rumsfeld_0032.jpg,neutral
302,Barry_Zito_0001.jpg,neutral
dwdii,Mukesh_Ambani_0001.jpg,neutral
dwdii,Jim_Hardin_0001.jpg,neutral
302,Jacques_Chirac_0034.jpg,neutral
302,Elaine_Chao_0001.jpg,neutral
302,Ahmet_Necdet_Sezer_0001.jpg,neutral
dwdii,John_Norquist_0001.jpg,neutral
302,Brian_Heidik_0001.jpg,neutral
302,Colin_Powell_0130.jpg,neutral
302,Hans_Blix_0010.jpg,neutral
302,Dario_Camuffo_0001.jpg,neutral
dwdii,Serge_Melac_0001.jpg,neutral
dwdii,Mike_Krzyzewski_0004.jpg,neutral
302,Alisha_Richman_0001.jpg,neutral
dwdii,Mark_Philippoussis_0003.jpg,neutral
dwdii,Peter_Costello_0001.jpg,neutral
302,Jacques_Chirac_0028.jpg,neutral
302,Adrien_Brody_0012.jpg,neutral
dwdii,Mike_Sherman_0001.jpg,neutral
302,Charlton_Heston_0001.jpg,neutral
302,George_W_Bush_0295.jpg,neutral
dwdii,Tony_Blair_0094.jpg,neutral
dwdii,Zhu_Rongji_0007.jpg,neutral
dwdii,Phil_Donahue_0001.jpg,neutral
dwdii,Mickey_Sherman_0001.jpg,neutral
302,David_Bisbal_0001.jpg,neutral
302,Efrain_Rios_Montt_0001.jpg,neutral
302,Ben_Kingsley_0001.jpg,neutral
dwdii,Jennifer_Keller_0004.jpg,neutral
dwdii,Jean-David_Levitte_0003.jpg,neutral
dwdii,Michael_Douglas_0002.jpg,neutral
jhamski,FaridaJalal_83.jpg,neutral
302,Hans_Blix_0007.jpg,neutral
dwdii,Marvan_Atapattu_0001.jpg,neutral
dwdii,Javier_Solana_0005.jpg,neutral
JN721,Kyle_McLaren_0001.jpg,neutral
302,Gabi_Zimmer_0001.jpg,neutral
dwdii,John_Edwards_0004.jpg,neutral
dwdii,Sean_OKeefe_0005.jpg,neutral
dwdii,Paul_Bremer_0001.jpg,neutral
302,Guillermo_Coria_0022.jpg,neutral
dwdii,Richard_Myers_0015.jpg,neutral
302,Hu_Jintao_0002.jpg,neutral
302,Ali_Naimi_0003.jpg,neutral
dwdii,Pervez_Musharraf_0005.jpg,neutral
jhamski,HrithikRoshan_181.jpg,neutral
dwdii,Rubens_Barrichello_0003.jpg,neutral
302,Heinrich_Wolfgang_0001.jpg,neutral
dwdii,Pierce_Brosnan_0008.jpg,neutral
dwdii,Victoria_Clarke_0002.jpg,neutral
302,Jalal_Talabani_0001.jpg,neutral
302,Hal_Sutton_0002.jpg,neutral
302,Francesco_Totti_0001.jpg,neutral
dwdii,Javier_Solana_0002.jpg,neutral
302,Chris_Tucker_0002.jpg,neutral
302,George_W_Bush_0315.jpg,neutral
dwdii,Ronald_White_0001.jpg,neutral
dwdii,Rhina_Villatoro_0001.jpg,neutral
JN721,Li_Peng_0006.jpg,neutral
dwdii,John_Manley_0001.jpg,neutral
302,Chloe_Sevigny_0001.jpg,neutral
dwdii,Timothy_Rigas_0001.jpg,neutral
302,David_Nalbandian_0014.jpg,neutral
302,Edouard_Michelin_0001.jpg,neutral
dwdii,Michel_Minard_0001.jpg,neutral
302,Dan_Reeves_0001.jpg,neutral
dwdii,Rudolph_Giuliani_0002.jpg,neutral
dwdii,Mark_Geragos_0002.jpg,neutral
302,Anthony_Hazen_0001.jpg,neutral
302,Don_Nickles_0001.jpg,neutral
dwdii,John_Ashcroft_0050.jpg,neutral
302,Aby_Har-Even_0001.jpg,neutral
dwdii,Omar_Sharif_0004.jpg,neutral
302,Eric_Robert_Rudolph_0001.jpg,neutral
dwdii,Vladimir_Putin_0037.jpg,neutral
dwdii,Robbie_Williams_0002.jpg,neutral
dwdii,Ramon_Ponce_de_Leon_0001.jpg,neutral
dwdii,Silvan_Shalom_0002.jpg,neutral
dwdii,Juan_Carlos_Ferrero_0027.jpg,neutral
302,Hiroyuki_Yoshino_0001.jpg,neutral
302,George_W_Bush_0178.jpg,neutral
dwdii,Richard_Virenque_0008.jpg,neutral
dwdii,Sergio_Vieira_De_Mello_0006.jpg,neutral
dwdii,Paul_Lo_Duca_0001.jpg,neutral
302,Debra_Yang_0001.jpg,neutral
302,Boris_Becker_0005.jpg,neutral
dwdii,Peter_Hartz_0001.jpg,neutral
dwdii,John_Ashcroft_0023.jpg,neutral
dwdii,Jerelle_Kraus_0001.jpg,neutral
302,Donald_Rumsfeld_0067.jpg,neutral
302,George_W_Bush_0171.jpg,neutral
302,Graeme_Lloyd_0001.jpg,neutral
302,Jake_Brace_0001.jpg,neutral
302,Colin_Powell_0095.jpg,neutral
dwdii,Paradorn_Srichaphan_0003.jpg,neutral
JN721,Lidija_Djukanovic_0001.jpg,neutral
302,Atal_Bihari_Vajpayee_0023.jpg,neutral
302,Colin_Powell_0197.jpg,neutral
302,Gina_Torres_0001.jpg,neutral
302,Bruce_Springsteen_0001.jpg,neutral
302,Anatoliy_Kinakh_0001.jpg,neutral
302,Jack_Straw_0025.jpg,neutral
dwdii,Salman_Rushdie_0001.jpg,neutral
dwdii,Shannon_OBrien_0001.jpg,neutral
dwdii,Mo_Elleithee_0001.jpg,neutral
dwdii,Raul_Rivero_0001.jpg,neutral
dwdii,John_Negroponte_0022.jpg,neutral
302,Hu_Jintao_0007.jpg,neutral
dwdii,Michael_Schumacher_0004.jpg,neutral
dwdii,Winona_Ryder_0014.jpg,neutral
dwdii,Bill_Parsons_0001.jpg,neutral
dwdii,Tommy_Franks_0005.jpg,neutral
dwdii,Noelle_Bush_0002.jpg,neutral
302,Hrithik_Roshan_0001.jpg,neutral
302,George_W_Bush_0115.jpg,neutral
dwdii,Michael_Friedman_0001.jpg,neutral
dwdii,John_Abizaid_0003.jpg,neutral
dwdii,John_Ashcroft_0035.jpg,neutral
dwdii,Yishan_Zhang_0001.jpg,neutral
dwdii,William_Macy_0004.jpg,neutral
dwdii,Steve_Backley_0002.jpg,neutral
dwdii,Rudolph_Giuliani_0006.jpg,neutral
302,Andy_Perez_0001.jpg,neutral
302,Jan_van_Breda_Kolff_0001.jpg,neutral
dwdii,Juan_Carlos_Ferrero_0005.jpg,neutral
dwdii,Junichiro_Koizumi_0042.jpg,neutral
302,Costas_Simitis_0001.jpg,neutral
302,Bill_Gates_0001.jpg,neutral
dwdii,Paul_Patton_0002.jpg,neutral
302,Gerhard_Schroeder_0083.jpg,neutral
dwdii,Jennifer_Keller_0001.jpg,neutral
302,Ahmet_Demir_0001.jpg,neutral
302,Ariel_Sharon_0059.jpg,neutral
dwdii,Milo_Maestrecampo_0001.jpg,neutral
302,Jason_Kidd_0004.jpg,neutral
JN721,Kirk_Ferentz_0001.jpg,neutral
302,Heath_Ledger_0003.jpg,neutral
dwdii,Joschka_Fischer_0018.jpg,neutral
302,Bulent_Ecevit_0005.jpg,neutral
302,Eduardo_Duhalde_0013.jpg,neutral
302,Alejandro_Toledo_0029.jpg,neutral
302,Andy_Roddick_0012.jpg,neutral
JN721,Larry_Thompson_0003.jpg,neutral
dwdii,John_Snow_0017.jpg,neutral
jhamski,HrithikRoshan_108.jpg,neutral
dwdii,Tony_Blair_0066.jpg,neutral
302,George_W_Bush_0497.jpg,neutral
302,Hans_Blix_0031.jpg,neutral
dwdii,Liza_Minnelli_0003.jpg,neutral
dwdii,Nancy_Smith_0001.jpg,neutral
302,George_W_Bush_0090.jpg,neutral
dwdii,Osama_bin_Laden_0001.jpg,neutral
302,Gerhard_Schroeder_0009.jpg,neutral
dwdii,Jorge_Castaneda_0002.jpg,neutral
302,Jamie_Cooke_0001.jpg,neutral
302,Clara_Harris_0005.jpg,neutral
302,Gerhard_Schroeder_0028.jpg,neutral
dwdii,Jennifer_Capriati_0021.jpg,neutral
302,Chris_Tucker_0001.jpg,neutral
302,Christine_Arron_0001.jpg,neutral
dwdii,Lleyton_Hewitt_0036.jpg,neutral
dwdii,John_Wayne_0001.jpg,neutral
dwdii,Juan_Carlos_Ferrero_0017.jpg,neutral
JN721,Kurt_Hellstrom_0001.jpg,neutral
dwdii,Vladimir_Putin_0034.jpg,neutral
dwdii,Omar_el-Heib_0001.jpg,neutral
302,Alexander_Losyukov_0002.jpg,neutral
dwdii,Pervez_Musharraf_0017.jpg,neutral
dwdii,Thomas_Fargo_0001.jpg,neutral
dwdii,Silvio_Berlusconi_0003.jpg,neutral
dwdii,Luiz_Inacio_Lula_da_Silva_0035.jpg,neutral
302,Conchita_Martinez_0001.jpg,neutral
dwdii,Peter_Fitzgerald_0001.jpg,neutral
302,Erin_Runnion_0003.jpg,neutral
JN721,Kim_Dae-jung_0006.jpg,neutral
dwdii,Namuddu_Florence_0001.jpg,neutral
302,Celso_Lafer_0001.jpg,neutral
302,Janusz_Kaminski_0001.jpg,neutral
302,George_W_Bush_0487.jpg,neutral
302,Gisele_Bundchen_0001.jpg,neutral
dwdii,Rosny_Desroches_0001.jpg,neutral
dwdii,Winona_Ryder_0009.jpg,neutral
dwdii,Steven_Kinlock_0001.jpg,neutral
dwdii,Rick_Romley_0003.jpg,neutral
302,Denzel_Washington_0005.jpg,neutral
302,Jack_Straw_0017.jpg,neutral
302,George_W_Bush_0205.jpg,neutral
302,Dennis_Hastert_0004.jpg,neutral
dwdii,Sven_Ottke_0001.jpg,neutral
dwdii,Prince_Charles_0001.jpg,neutral
302,Jacques_Rogge_0005.jpg,neutral
dwdii,Sharon_Stone_0005.jpg,neutral
dwdii,John_Edwards_0006.jpg,neutral
dwdii,Sharon_Osbourne_0001.jpg,neutral
302,Anjum_Hussain_0001.jpg,neutral
dwdii,Muhammad_Ali_0009.jpg,neutral
dwdii,Nicholas_Tse_0001.jpg,neutral
302,Colin_Powell_0052.jpg,neutral
302,Andrea_Bocelli_0001.jpg,neutral
dwdii,Mahmoud_Abbas_0025.jpg,neutral
dwdii,Rafael_Ramirez_0001.jpg,neutral
dwdii,Lleyton_Hewitt_0008.jpg,neutral
302,Colin_Powell_0150.jpg,neutral
dwdii,Tommy_Franks_0004.jpg,neutral
302,Hamid_Karzai_0014.jpg,neutral
302,George_W_Bush_0222.jpg,neutral
302,Colin_Powell_0158.jpg,neutral
dwdii,Silvio_Berlusconi_0013.jpg,neutral
302,Colin_Powell_0120.jpg,neutral
302,Emmanuel_Milingo_0001.jpg,neutral
dwdii,Zinedine_Zidane_0005.jpg,neutral
302,George_W_Bush_0504.jpg,neutral
302,Colin_Farrell_0005.jpg,neutral
dwdii,Michael_Capellas_0002.jpg,neutral
dwdii,Vicente_Fox_0023.jpg,neutral
jhamski,HrithikRoshan_159.jpg,neutral
302,Donald_Rumsfeld_0062.jpg,neutral
dwdii,Sophia_Loren_0001.jpg,neutral
302,David_Spade_0001.jpg,neutral
dwdii,Michael_Bloomberg_0018.jpg,neutral
302,Donald_Rumsfeld_0013.jpg,neutral
302,Carlos_Menem_0021.jpg,neutral
302,Andrew_Niccol_0002.jpg,neutral
302,Alvaro_Uribe_0030.jpg,neutral
302,George_W_Bush_0203.jpg,neutral
dwdii,Oleksandr_Moroz_0001.jpg,neutral
302,Elton_John_0005.jpg,neutral
302,Dick_Cheney_0008.jpg,neutral
302,Alvaro_Uribe_0009.jpg,neutral
jhamski,Dileep_43.jpg,neutral
dwdii,Scott_Hubbard_0001.jpg,neutral
JN721,Lee_Soo-hyuck_0003.jpg,neutral
302,Gerhard_Schroeder_0070.jpg,neutral
dwdii,Jay_Garner_0004.jpg,neutral
dwdii,Rita_Grande_0002.jpg,neutral
302,Aicha_El_Ouafi_0002.jpg,neutral
302,Frank_Solich_0003.jpg,neutral
302,Andrew_Fastow_0001.jpg,neutral
302,Colin_Powell_0226.jpg,neutral
dwdii,Luis_Gonzalez_Macchi_0004.jpg,neutral
302,Christine_Gregoire_0003.jpg,neutral
302,Gerhard_Schroeder_0043.jpg,neutral
dwdii,Tony_Blair_0016.jpg,neutral
302,David_Bowie_0001.jpg,neutral
302,Gray_Davis_0018.jpg,neutral
302,Hu_Jintao_0010.jpg,neutral
302,David_Nalbandian_0008.jpg,neutral
dwdii,Mohammed_Al-Douri_0012.jpg,neutral
dwdii,Paulie_Ayala_0001.jpg,neutral
dwdii,Tom_Hanks_0003.jpg,neutral
dwdii,Kim_Chinn_0001.jpg,neutral
dwdii,Roman_Polanski_0003.jpg,neutral
302,Goldie_Hawn_0005.jpg,neutral
dwdii,Joschka_Fischer_0016.jpg,neutral
dwdii,Shaun_Pollock_0001.jpg,neutral
dwdii,Judy_Dean_0001.jpg,neutral
302,David_Beckham_0031.jpg,neutral
dwdii,Julie_Infante_0001.jpg,neutral
302,Howard_Dean_0005.jpg,neutral
dwdii,Sylvester_Stallone_0004.jpg,neutral
dwdii,Robert_Lange_0001.jpg,neutral
dwdii,Lokendra_Bahadur_Chand_0001.jpg,neutral
dwdii,Paul_Otellini_0001.jpg,neutral
302,Greg_Rusedski_0001.jpg,neutral
dwdii,Mike_Price_0001.jpg,neutral
302,Al_Sharpton_0004.jpg,neutral
dwdii,Marcelo_Ebrard_0002.jpg,neutral
dwdii,Jean_Chretien_0012.jpg,neutral
dwdii,Richard_Myers_0003.jpg,neutral
dwdii,Roger_Cook_0001.jpg,neutral
302,Brennon_Leighton_0001.jpg,neutral
302,Guillaume_Depardieu_0001.jpg,neutral
302,George_W_Bush_0022.jpg,neutral
302,George_W_Bush_0261.jpg,neutral
dwdii,Cari_Davis_0001.jpg,neutral
302,Abdullah_0002.jpg,neutral
jhamski,HrithikRoshan_140.jpg,neutral
dwdii,Tom_Osborne_0001.jpg,neutral
dwdii,Naji_Sabri_0002.jpg,neutral
dwdii,Ron_Dittemore_0004.jpg,neutral
302,Abdel_Nasser_Assidi_0001.jpg,neutral
dwdii,Patrick_Ewing_0002.jpg,neutral
302,Colin_Powell_0144.jpg,neutral
302,Andre_Agassi_0033.jpg,neutral
dwdii,Luis_Horna_0003.jpg,neutral
dwdii,John_Ashcroft_0039.jpg,neutral
dwdii,Trent_Lott_0003.jpg,neutral
jhamski,Dileep_66.jpg,neutral
JN721,Kosuke_Kitajima_0001.jpg,neutral
dwdii,Thomas_Mesereau_Jr_0001.jpg,neutral
dwdii,John_Lynch_0001.jpg,neutral
302,Andy_Dick_0001.jpg,neutral
302,Howard_Smith_0002.jpg,neutral
302,Chris_Andrews_0001.jpg,neutral
dwdii,Tiger_Woods_0017.jpg,neutral
302,George_W_Bush_0465.jpg,neutral
302,Gary_Condit_0001.jpg,neutral
dwdii,Kieran_Prendergast_0002.jpg,neutral
dwdii,Keanu_Reeves_0011.jpg,neutral
302,Bernard_Lord_0001.jpg,neutral
dwdii,Sourav_Ganguly_0003.jpg,neutral
302,Guillermo_Coria_0008.jpg,neutral
jhamski,FaridaJalal_84.jpg,neutral
302,Colin_Powell_0110.jpg,neutral
dwdii,Vincent_Brooks_0003.jpg,neutral
dwdii,Paul_McCartney_0007.jpg,neutral
dwdii,Todd_Petit_0001.jpg,neutral
302,Gary_Locke_0002.jpg,neutral
jhamski,Jayamadhuri_1.jpg,neutral
dwdii,Peter_Bacanovic_0002.jpg,neutral
dwdii,Susilo_Bambang_Yudhoyono_0004.jpg,neutral
dwdii,Monte_Kiffin_0001.jpg,neutral
302,Chuck_Bednarik_0001.jpg,neutral
302,Dragan_Covic_0001.jpg,neutral
dwdii,Jean_Chretien_0049.jpg,neutral
dwdii,Keanu_Reeves_0007.jpg,neutral
dwdii,Vicente_Fox_0027.jpg,neutral
302,Alimzhan_Tokhtakhounov_0001.jpg,neutral
dwdii,John_Sununu_0001.jpg,neutral
dwdii,Yao_Ming_0007.jpg,neutral
302,Gray_Davis_0006.jpg,neutral
dwdii,Jean-Pierre_Raffarin_0004.jpg,neutral
302,George_W_Bush_0347.jpg,neutral
jhamski,HrithikRoshan_196.jpg,neutral
302,Ariel_Sharon_0008.jpg,neutral
302,Jake_Gyllenhaal_0003.jpg,neutral
dwdii,Tim_Chapman_0002.jpg,neutral
302,George_Brumley_III_0001.jpg,neutral
dwdii,Ricardo_Lagos_0002.jpg,neutral
dwdii,Win_Aung_0004.jpg,neutral
dwdii,Raul_Ibanez_0001.jpg,neutral
dwdii,Thomas_Day_0001.jpg,neutral
jhamski,Dileep_10.jpg,neutral
302,Christian_Longo_0002.jpg,neutral
jhamski,HrithikRoshan_133.jpg,neutral
302,Ahmed_Ghazi_0001.jpg,neutral
dwdii,Michael_Ballack_0001.jpg,neutral
302,George_Pataki_0003.jpg,neutral
302,Gordon_McDonald_0001.jpg,neutral
302,Anzori_Kikalishvili_0001.jpg,neutral
dwdii,Masaru_Hayami_0001.jpg,neutral
dwdii,Renato_Soru_0001.jpg,neutral
302,Federico_Castelan_Sayre_0001.jpg,neutral
302,George_W_Bush_0499.jpg,neutral
302,Donald_Rumsfeld_0088.jpg,neutral
302,Ben_Cohen_0001.jpg,neutral
dwdii,Susan_Sarandon_0002.jpg,neutral
dwdii,Nicanor_Duarte_Frutos_0010.jpg,neutral
dwdii,Salma_Hayek_0006.jpg,neutral
302,George_W_Bush_0083.jpg,neutral
dwdii,John_Ashcroft_0031.jpg,neutral
dwdii,John_Ashcroft_0038.jpg,neutral
302,Jacques_Chirac_0037.jpg,neutral
dwdii,Mahmoud_Diyab_al-Ahmed_0001.jpg,neutral
302,Charles_Moose_0003.jpg,neutral
dwdii,Megawati_Sukarnoputri_0008.jpg,neutral
302,Alex_Popov_0001.jpg,neutral
dwdii,Yoon_Jin-Sik_0001.jpg,neutral
302,Colin_Powell_0156.jpg,neutral
302,Bob_Hope_0007.jpg,neutral
302,Frank_Schmoekel_0001.jpg,neutral
dwdii,Jimmy_Gurule_0001.jpg,neutral
dwdii,S_Jayakumar_0001.jpg,neutral
dwdii,Michel_Duclos_0001.jpg,neutral
302,Hussein_Malik_0001.jpg,neutral
jhamski,Jayamadhuri_149.jpg,neutral
dwdii,Roy_Williams_0001.jpg,neutral
302,Ari_Fleischer_0013.jpg,neutral
302,Dan_Dickau_0001.jpg,neutral
dwdii,Mahmoud_Abbas_0021.jpg,neutral
302,Elisabeth_Schumacher_0002.jpg,neutral
dwdii,Paige_Fitzgerald_0001.jpg,neutral
dwdii,Makiko_Tanaka_0001.jpg,neutral
dwdii,Vincent_Cianci_Jr_0001.jpg,neutral
dwdii,Maria_Soledad_Alvear_Valenzuela_0001.jpg,neutral
dwdii,Jelena_Dokic_0005.jpg,neutral
dwdii,Queen_Elizabeth_II_0008.jpg,neutral
302,David_Nalbandian_0001.jpg,neutral
JN721,Leonid_Kuchma_0005.jpg,neutral
302,Alvaro_Uribe_0027.jpg,neutral
302,Carolina_Kluft_0003.jpg,neutral
302,Ion_Tiriac_0001.jpg,neutral
dwdii,Vicente_Fernandez_0004.jpg,neutral
JN721,Laurel_Clark_0001.jpg,neutral
302,George_W_Bush_0275.jpg,neutral
dwdii,Linus_Roache_0001.jpg,neutral
302,Alvaro_Uribe_0006.jpg,neutral
dwdii,Mikhail_Kasyanov_0004.jpg,neutral
dwdii,Michael_Boyce_0001.jpg,neutral
dwdii,Justin_Leonard_0001.jpg,neutral
dwdii,Yossi_Beilin_0001.jpg,neutral
dwdii,Michael_Dell_0001.jpg,neutral
302,Gregory_Hines_0001.jpg,neutral
302,David_Trimble_0002.jpg,neutral
dwdii,John_Howard_0016.jpg,neutral
302,Akhmed_Zakayev_0001.jpg,neutral
dwdii,Sean_Combs_0001.jpg,neutral
JN721,Lazaro_Castro_0001.jpg,neutral
dwdii,Lleyton_Hewitt_0007.jpg,neutral
dwdii,Jean_Chretien_0023.jpg,neutral
302,Donald_Rumsfeld_0012.jpg,neutral
dwdii,Martin_McCauley_0002.jpg,neutral
dwdii,Ken_Macha_0001.jpg,neutral
dwdii,Julie_Gerberding_0012.jpg,neutral
dwdii,Sebastien_Grosjean_0003.jpg,neutral
302,Debra_Rose_0001.jpg,neutral
302,Jacques_Rogge_0002.jpg,neutral
dwdii,Paul_Bremer_0019.jpg,neutral
302,Hilmi_Ozkok_0001.jpg,neutral
dwdii,Jerry_Lewis_0001.jpg,neutral
302,David_Bell_0002.jpg,neutral
302,George_W_Bush_0254.jpg,neutral
302,Al_Gore_0001.jpg,neutral
302,Hunter_Bates_0001.jpg,neutral
dwdii,Joschka_Fischer_0012.jpg,neutral
dwdii,Vicente_Fox_0002.jpg,neutral
JN721,Leonardo_DiCaprio_0002.jpg,neutral
302,Almeida_Baptista_0001.jpg,neutral
dwdii,John_Negroponte_0028.jpg,neutral
dwdii,Luiz_Inacio_Lula_da_Silva_0008.jpg,neutral
302,Adrian_McPherson_0001.jpg,neutral
JN721,Kofi_Annan_0002.jpg,neutral
302,James_Franco_0002.jpg,neutral
dwdii,Steve_Fehr_0001.jpg,neutral
dwdii,Robert_Redford_0003.jpg,neutral
dwdii,Juan_Carlos_Ferrero_0020.jpg,neutral
302,James_Blake_0006.jpg,neutral
dwdii,Lloyd_Ward_0002.jpg,neutral
302,George_W_Bush_0101.jpg,neutral
302,Donald_Rumsfeld_0048.jpg,neutral
dwdii,Nancy_Pelosi_0014.jpg,neutral
dwdii,Miguel_Contreras_0002.jpg,neutral
dwdii,Keanu_Reeves_0006.jpg,neutral
302,George_Papandreou_0004.jpg,neutral
dwdii,Yasar_Yakis_0001.jpg,neutral
dwdii,Jennifer_Capriati_0014.jpg,neutral
302,George_W_Bush_0036.jpg,neutral
dwdii,Pete_Carroll_0001.jpg,neutral
dwdii,John_Duprey_0001.jpg,neutral
dwdii,Stan_Heath_0001.jpg,neutral
302,Donald_Regan_0001.jpg,neutral
JN721,Lance_Armstrong_0009.jpg,neutral
dwdii,Winona_Ryder_0023.jpg,neutral
302,Garth_Drabinsky_0001.jpg,neutral
302,George_W_Bush_0333.jpg,neutral
302,George_W_Bush_0350.jpg,neutral
302,Anna_Kournikova_0006.jpg,neutral
dwdii,Tom_Daschle_0001.jpg,neutral
302,Atal_Bihari_Vajpayee_0014.jpg,neutral
dwdii,Tsutomu_Takebe_0001.jpg,neutral
dwdii,Jiang_Zemin_0011.jpg,neutral
302,George_W_Bush_0372.jpg,neutral
dwdii,Bob_Stoops_0005.jpg,neutral
dwdii,Jeff_Weaver_0001.jpg,neutral
302,Amer_al-Saadi_0004.jpg,neutral
302,Dennis_Johnson_0001.jpg,neutral
dwdii,William_Donaldson_0004.jpg,neutral
302,Boris_Becker_0006.jpg,neutral
302,Gary_Barnett_0001.jpg,neutral
302,Colin_Powell_0099.jpg,neutral
302,Alfonso_Portillo_0001.jpg,neutral
302,Derek_Jeter_0004.jpg,neutral
dwdii,Keith_Fotta_0001.jpg,neutral
302,George_W_Bush_0431.jpg,neutral
dwdii,Jose_Maria_Aznar_0001.jpg,neutral
302,Arnold_Palmer_0002.jpg,neutral
jhamski,HrithikRoshan_38.jpg,neutral
dwdii,Sandra_Bullock_0002.jpg,neutral
302,Frank_Murkowski_0001.jpg,neutral
302,Ilham_Aliev_0001.jpg,neutral
dwdii,Megawati_Sukarnoputri_0009.jpg,neutral
dwdii,Tony_Blair_0112.jpg,neutral
302,Bill_Elliott_0001.jpg,neutral
dwdii,Juan_Carlos_Ferrero_0004.jpg,neutral
dwdii,Paul_ONeill_0006.jpg,neutral
302,Colin_Farrell_0009.jpg,neutral
dwdii,Raoul_Ruiz_0004.jpg,neutral
dwdii,Viara_Vike-Freiberga_0001.jpg,neutral
dwdii,Recep_Tayyip_Erdogan_0025.jpg,neutral
dwdii,Jean_Charest_0015.jpg,neutral
302,Allison_Searing_0001.jpg,neutral
dwdii,Nestor_Kirchner_0007.jpg,neutral
dwdii,Junichiro_Koizumi_0043.jpg,neutral
dwdii,Roberto_Cercelletta_0001.jpg,neutral
dwdii,John_F_Kennedy_Jr_0002.jpg,neutral
302,Arnold_Schwarzenegger_0017.jpg,neutral
dwdii,Silvio_Berlusconi_0004.jpg,neutral
dwdii,Tommy_Franks_0001.jpg,neutral
dwdii,Oleksandr_Moroz_0002.jpg,neutral
dwdii,Joe_Cravens_0001.jpg,neutral
dwdii,Maria_Shriver_0007.jpg,neutral
dwdii,Javier_Solana_0009.jpg,neutral
dwdii,Mark_Cuban_0001.jpg,neutral
302,Fred_Eckhard_0001.jpg,neutral
dwdii,Malik_Mahmud_0001.jpg,neutral
302,Gray_Davis_0002.jpg,neutral
302,Andy_Roddick_0001.jpg,neutral
dwdii,Mark_Richt_0001.jpg,neutral
302,Andre_Bucher_0001.jpg,neutral
dwdii,Ricardo_Lagos_0001.jpg,neutral
dwdii,Millicent_Martin_0001.jpg,neutral
dwdii,Prospero_Pichay_0001.jpg,neutral
dwdii,Vassilis_Xiros_0001.jpg,neutral
dwdii,Jean-Pierre_Raffarin_0005.jpg,neutral
302,George_W_Bush_0107.jpg,neutral
302,Bob_Hope_0001.jpg,neutral
JN721,Kwame_Kilpatrick_0001.jpg,neutral
dwdii,Junichiro_Koizumi_0020.jpg,neutral
dwdii,Jean-Francois_Pontal_0002.jpg,neutral
JN721,Kofi_Annan_0012.jpg,neutral
dwdii,Tommy_Franks_0009.jpg,neutral
JN721,Lee_Ann_Terlaji_0001.jpg,neutral
302,Al_Gore_0008.jpg,neutral
302,David_Provost_0001.jpg,neutral
dwdii,Pervez_Musharraf_0011.jpg,neutral
302,Gina_Gershon_0001.jpg,neutral
302,Hu_Jintao_0013.jpg,neutral
dwdii,Spencer_Abraham_0009.jpg,neutral
302,Ben_Affleck_0006.jpg,neutral
302,Adam_Kennedy_0001.jpg,neutral
dwdii,Mahmoud_Abbas_0023.jpg,neutral
dwdii,Ron_Dittemore_0002.jpg,neutral
dwdii,Marcelo_Rios_0005.jpg,neutral
dwdii,William_Burns_0002.jpg,neutral
302,David_Beckham_0029.jpg,neutral
dwdii,Scott_Peterson_0002.jpg,neutral
302,Fran_Drescher_0002.jpg,neutral
302,Howard_Dean_0010.jpg,neutral
302,George_W_Bush_0109.jpg,neutral
302,Hanns_Schumacher_0001.jpg,neutral
302,Arianna_Huffington_0002.jpg,neutral
JN721,Lee_Soo-hyuck_0002.jpg,neutral
302,Brian_Weaver_0001.jpg,neutral
302,Antonio_Banderas_0005.jpg,neutral
dwdii,Jeb_Bush_0011.jpg,neutral
dwdii,Jodie_Kidd_0001.jpg,neutral
302,Ariel_Sharon_0019.jpg,neutral
dwdii,Taha_Yassin_Ramadan_0007.jpg,neutral
302,Ariel_Sharon_0014.jpg,neutral
dwdii,Johnny_Unitas_0002.jpg,neutral
dwdii,Juan_Carlos_Ferrero_0011.jpg,neutral
302,Colin_Powell_0152.jpg,neutral
dwdii,Joe_Cocker_0001.jpg,neutral
dwdii,Tom_Foy_0001.jpg,neutral
dwdii,Tamara_Stokes_0001.jpg,neutral
dwdii,Michael_Douglas_0005.jpg,neutral
302,George_W_Bush_0241.jpg,neutral
302,Ciro_Gomes_0004.jpg,neutral
302,Bertie_Ahern_0001.jpg,neutral
302,George_W_Bush_0518.jpg,neutral
302,Ali_Naimi_0005.jpg,neutral
302,George_W_Bush_0137.jpg,neutral
302,Georgina_Papin_0001.jpg,neutral
dwdii,John_Paul_II_0004.jpg,neutral
302,Adam_Scott_0002.jpg,neutral
302,Colin_Powell_0045.jpg,neutral
dwdii,Ricardo_Mayorga_0001.jpg,neutral
302,Jack_Straw_0021.jpg,neutral
302,Diane_Ladd_0001.jpg,neutral
dwdii,Michael_Schumacher_0011.jpg,neutral
dwdii,Taha_Yassin_Ramadan_0011.jpg,neutral
dwdii,Sergio_Vieira_De_Mello_0009.jpg,neutral
302,Gerhard_Schroeder_0062.jpg,neutral
dwdii,Oleg_Romantsev_0001.jpg,neutral
dwdii,Tariq_Aziz_0006.jpg,neutral
302,Gerardo_Gambala_0002.jpg,neutral
302,George_Murphy_0001.jpg,neutral
dwdii,Ralf_Schumacher_0005.jpg,neutral
dwdii,Richard_Armitage_0003.jpg,neutral
dwdii,Paul_Byrd_0002.jpg,neutral
dwdii,Jerry_Falwell_0002.jpg,neutral
dwdii,Simon_Cowell_0001.jpg,neutral
302,Bill_Parcells_0001.jpg,neutral
dwdii,Jim_Sterk_0001.jpg,neutral
dwdii,Megawati_Sukarnoputri_0020.jpg,neutral
dwdii,William_Ford_Jr_0001.jpg,neutral
dwdii,Mark_Hamister_0001.jpg,neutral
302,Donald_Rumsfeld_0086.jpg,neutral
302,Ascencion_Barajas_0001.jpg,neutral
302,David_McCallum_0001.jpg,neutral
302,Eva_Marie_Saint_0001.jpg,happiness
302,Cecile_de_France_0001.jpg,happiness
dwdii,Rachel_Hunter_0002.jpg,happiness
302,Faye_Alibocus_0001.jpg,happiness
dwdii,Patricia_Phillips_0001.jpg,happiness
302,Colin_Powell_0072.jpg,happiness
302,George_W_Bush_0167.jpg,happiness
302,Georgina_Bardach_0001.jpg,happiness
dwdii,Jeong_Se-hyun_0009.jpg,happiness
dwdii,Tammy_Lynn_Michaels_0001.jpg,happiness
302,David_Dorfman_0001.jpg,happiness
dwdii,Prince_Naruhito_0002.jpg,happiness
302,Clark_Randt_0001.jpg,happiness
dwdii,Roseanne_Barr_0003.jpg,happiness
dwdii,Rudolph_Giuliani_0017.jpg,happiness
dwdii,Kevin_Sorbo_0001.jpg,happiness
302,Ben_Affleck_0004.jpg,happiness
302,Donald_Rumsfeld_0009.jpg,happiness
dwdii,Jiang_Zemin_0005.jpg,happiness
dwdii,Cindy_Klassen_0001.jpg,happiness
jhamski,Jayamadhuri_131.jpg,happiness
302,Colin_Powell_0187.jpg,happiness
302,Ivana_Trump_0001.jpg,happiness
dwdii,Roy_Chaderton_0001.jpg,happiness
dwdii,Nicole_Kidman_0002.jpg,happiness
dwdii,Matt_Morris_0001.jpg,happiness
302,Don_Meredith_0001.jpg,happiness
302,Bill_Clinton_0012.jpg,happiness
jhamski,KatrinaKaif_31.jpg,happiness
302,Danny_Avalon_0001.jpg,happiness
dwdii,Sheryl_Crow_0002.jpg,happiness
302,Andre_Agassi_0017.jpg,happiness
dwdii,Steven_Spielberg_0007.jpg,happiness
302,Jack_Nicholson_0002.jpg,happiness
302,Barry_Williams_0001.jpg,happiness
dwdii,Nikki_Reed_0002.jpg,happiness
dwdii,Jennifer_Garner_0011.jpg,happiness
302,David_Beckham_0018.jpg,happiness
302,Ana_Claudia_Talancon_0001.jpg,happiness
302,Anderson_Varejao_0001.jpg,happiness
dwdii,Joe_Darrell_0001.jpg,happiness
dwdii,John_Howard_0001.jpg,happiness
dwdii,Orlando_Bloom_0003.jpg,happiness
302,Bridgette_Wilson-Sampras_0001.jpg,happiness
dwdii,Pernilla_Bjorn_0001.jpg,happiness
dwdii,Stellan_Skarsgard_0001.jpg,happiness
dwdii,Megawati_Sukarnoputri_0018.jpg,happiness
dwdii,Sarah_Hughes_0001.jpg,happiness
302,Ian_Thorpe_0006.jpg,happiness
dwdii,Michael_Chiklis_0005.jpg,happiness
dwdii,Louisa_Baileche_0001.jpg,happiness
dwdii,Kaio_Almeida_0001.jpg,happiness
302,Carlos_Menem_0005.jpg,happiness
302,Angela_Bassett_0005.jpg,happiness
302,Eileen_Coparropa_0002.jpg,happiness
dwdii,Zdravko_Mucic_0001.jpg,happiness
302,Enrik_Vendt_0001.jpg,happiness
dwdii,Jean-Marc_de_La_Sabliere_0001.jpg,happiness
dwdii,Maria_Shriver_0008.jpg,happiness
302,David_Hanson_0001.jpg,happiness
302,Imam_Samudra_0001.jpg,happiness
302,Azra_Akin_0001.jpg,happiness
dwdii,Oxana_Fedorova_0004.jpg,happiness
302,Jacques_Chirac_0040.jpg,happiness
dwdii,Jason_Lezak_0001.jpg,happiness
dwdii,Tim_Henman_0004.jpg,happiness
dwdii,Markus_Naslund_0002.jpg,happiness
302,Chen_Shui-bian_0002.jpg,happiness
302,Greg_Rusedski_0002.jpg,happiness
302,Dewayne_White_0001.jpg,happiness
dwdii,Yoriko_Kawaguchi_0009.jpg,happiness
302,George_Clooney_0006.jpg,happiness
302,Atal_Bihari_Vajpayee_0008.jpg,happiness
302,Hashim_Thaci_0002.jpg,happiness
302,Christopher_Matero_0001.jpg,happiness
dwdii,Robert_Woody_Johnson_0001.jpg,happiness
JN721,Larry_Campbell_0001.jpg,happiness
302,Alexis_Dennisoff_0001.jpg,happiness
302,Alejandro_Toledo_0026.jpg,happiness
302,Charlie_Hunnam_0001.jpg,happiness
dwdii,Naomi_Watts_0012.jpg,happiness
dwdii,Thomas_Klestil_0001.jpg,happiness
dwdii,Natasha_Lyonne_0001.jpg,happiness
302,Daniel_Day-Lewis_0001.jpg,happiness
dwdii,Mathilda_Karel_Spak_0001.jpg,happiness
302,Hamid_Karzai_0011.jpg,happiness
dwdii,Pierce_Brosnan_0003.jpg,happiness
dwdii,Joseph_Kabila_0001.jpg,happiness
dwdii,Uma_Thurman_0001.jpg,happiness
jhamski,FaridaJalal_93.jpg,happiness
302,George_W_Bush_0509.jpg,happiness
JN721,Landon_Donovan_0001.jpg,happiness
302,Alejandro_Toledo_0024.jpg,happiness
dwdii,Wen_Jiabao_0013.jpg,happiness
302,Francis_Ford_Coppola_0002.jpg,happiness
dwdii,John_Ashcroft_0033.jpg,happiness
jhamski,HrithikRoshan_192.jpg,happiness
dwdii,Javier_Solana_0008.jpg,happiness
dwdii,Karen_Sharpe_Kramer_0001.jpg,happiness
jhamski,KatrinaKaif_47.jpg,happiness
dwdii,Renee_Zellweger_0012.jpg,happiness
302,Brendan_Hansen_0001.jpg,happiness
dwdii,Mariano_Zabaleta_0001.jpg,happiness
dwdii,Martina_McBride_0003.jpg,happiness
302,George_W_Bush_0475.jpg,happiness
dwdii,Scott_Hamilton_0001.jpg,happiness
302,Hannah_Stockbauer_0001.jpg,happiness
dwdii,Robert_Mueller_0003.jpg,happiness
dwdii,Ravan_AG_Farhadi_0001.jpg,happiness
302,Donald_Rumsfeld_0004.jpg,happiness
dwdii,Patty_Sheehan_0001.jpg,happiness
dwdii,Samantha_Daniels_0001.jpg,happiness
dwdii,Tatiana_Gratcheva_0001.jpg,happiness
jhamski,HrithikRoshan_136.jpg,happiness
dwdii,Richard_Norton-Taylor_0001.jpg,happiness
302,Ariel_Sharon_0074.jpg,happiness
302,David_Coulthard_0002.jpg,happiness
302,Alvaro_Noboa_0003.jpg,happiness
jhamski,Jayamadhuri_64.jpg,happiness
JN721,Laura_Bush_0033.jpg,happiness
dwdii,Tom_Hanks_0002.jpg,happiness
dwdii,Lleyton_Hewitt_0018.jpg,happiness
dwdii,Nick_Nolte_0004.jpg,happiness
dwdii,Rudolph_Giuliani_0008.jpg,happiness
302,Dyana_Calub_0001.jpg,happiness
dwdii,Michelle_Kwan_0001.jpg,happiness
dwdii,Jennifer_Lopez_0016.jpg,happiness
dwdii,Julianne_Moore_0018.jpg,happiness
dwdii,Jesse_Ventura_0002.jpg,happiness
dwdii,Sean_Astin_0002.jpg,happiness
dwdii,Roel_Campos_0001.jpg,happiness
302,Adrien_Brody_0004.jpg,happiness
dwdii,Tony_Blair_0068.jpg,happiness
302,Amelia_Vega_0004.jpg,happiness
302,Gloria_Macapagal_Arroyo_0015.jpg,happiness
dwdii,Todd_Haynes_0002.jpg,happiness
dwdii,JK_Rowling_0005.jpg,happiness
dwdii,Marco_Antonio_Barrera_0006.jpg,happiness
302,Bill_Paxton_0004.jpg,happiness
dwdii,Tsutomu_Takebe_0002.jpg,happiness
302,Eric_Benet_0001.jpg,happiness
dwdii,Keith_Bishop_Jr_0001.jpg,happiness
302,Dora_Bakoyianni_0001.jpg,happiness
dwdii,William_Macy_0005.jpg,happiness
302,Cherry_Jones_0001.jpg,happiness
dwdii,Nicanor_Duarte_Frutos_0009.jpg,happiness
302,Daniele_Hypolito_0001.jpg,happiness
302,Boris_Becker_0001.jpg,happiness
302,Clay_Aiken_0006.jpg,happiness
dwdii,Lynn_Redgrave_0001.jpg,happiness
dwdii,Jo_Dee_Messina_0002.jpg,happiness
dwdii,Pedro_Almodovar_0006.jpg,happiness
302,Hank_Azaria_0001.jpg,happiness
dwdii,Thaksin_Shinawatra_0006.jpg,happiness
dwdii,Jennifer_Lopez_0001.jpg,happiness
dwdii,Nestor_Kirchner_0008.jpg,happiness
dwdii,Oliver_Phelps_0001.jpg,happiness
dwdii,Saddam_Hussein_0014.jpg,happiness
302,Angelina_Jolie_0002.jpg,happiness
302,Alec_Baldwin_0001.jpg,happiness
dwdii,Yoriko_Kawaguchi_0013.jpg,happiness
dwdii,Sachiko_Yamada_0004.jpg,happiness
dwdii,Ray_Romano_0009.jpg,happiness
302,Amy_Yasbeck_0001.jpg,happiness
302,James_Hakett_0001.jpg,happiness
302,Isabella_Rossellini_0003.jpg,happiness
302,Ismail_Cem_0001.jpg,happiness
dwdii,Meryl_Streep_0013.jpg,happiness
302,Janez_Drnovsek_0001.jpg,happiness
302,Claudio_Lopez_0001.jpg,happiness
dwdii,Trent_Lott_0015.jpg,happiness
dwdii,Mehdi_Baala_0001.jpg,happiness
dwdii,Megawati_Sukarnoputri_0031.jpg,happiness
dwdii,Ray_Nagin_0001.jpg,happiness
dwdii,Steve_Park_0001.jpg,happiness
jhamski,Jayamadhuri_20.jpg,happiness
dwdii,Yevgeny_Kafelnikov_0001.jpg,happiness
302,Frances_Fisher_0002.jpg,happiness
dwdii,Donald_Rumsfeld_0092.jpg,happiness
302,David_Beckham_0011.jpg,happiness
dwdii,Tony_Blair_0031.jpg,happiness
jhamski,KatrinaKaif_18.jpg,happiness
dwdii,Susan_Sarandon_0003.jpg,happiness
302,George_W_Bush_0197.jpg,happiness
dwdii,Jonathan_Edwards_0001.jpg,happiness
302,Bertie_Ahern_0002.jpg,happiness
302,Jackie_Chan_0011.jpg,happiness
dwdii,Sandy_Wise_0001.jpg,happiness
302,Isabelle_Huppert_0001.jpg,happiness
302,Jalen_Rose_0001.jpg,happiness
302,Abdoulaye_Wade_0004.jpg,happiness
dwdii,Jose_Serra_0007.jpg,happiness
jhamski,HrithikRoshan_1.jpg,happiness
dwdii,John_Mayer_0002.jpg,happiness
302,Arianna_Huffington_0001.jpg,happiness
dwdii,S_Jayakumar_0002.jpg,happiness
dwdii,Julianne_Moore_0009.jpg,happiness
302,Brooke_Shields_0002.jpg,happiness
dwdii,Lucio_Gutierrez_0007.jpg,happiness
dwdii,Robert_Zoellick_0007.jpg,happiness
302,Hugh_Grant_0007.jpg,happiness
dwdii,Mary_Katherine_Smart_0001.jpg,happiness
dwdii,Phil_Cullen_0001.jpg,happiness
302,Dick_Armey_0001.jpg,happiness
302,Arnold_Schwarzenegger_0004.jpg,happiness
dwdii,Mariah_Carey_0001.jpg,happiness
dwdii,Scott_Wolf_0001.jpg,happiness
302,Eileen_Coparropa_0001.jpg,happiness
302,Jane_Fonda_0001.jpg,happiness
302,Aileen_Riggin_Soule_0001.jpg,happiness
dwdii,Queen_Beatrix_0001.jpg,happiness
302,Ashley_Postell_0001.jpg,happiness
dwdii,Nicanor_Duarte_Frutos_0004.jpg,happiness
dwdii,Mary_Landrieu_0002.jpg,happiness
302,Elena_Dementieva_0001.jpg,happiness
dwdii,Wen_Jiabao_0002.jpg,happiness
302,Colin_Powell_0176.jpg,happiness
302,Abid_Hamid_Mahmud_Al-Tikriti_0001.jpg,happiness
dwdii,William_Ford_Jr_0003.jpg,happiness
dwdii,Natasha_McElhone_0002.jpg,happiness
jhamski,FaridaJalal_96.jpg,happiness
dwdii,Noel_Niell_0001.jpg,happiness
dwdii,Donald_Rumsfeld_0028.jpg,happiness
jhamski,HrithikRoshan_84.jpg,happiness
dwdii,Jessica_Lange_0001.jpg,happiness
302,Hamid_Karzai_0020.jpg,happiness
dwdii,Sergei_Ivanov_0001.jpg,happiness
dwdii,Marco_Antonio_Barrera_0004.jpg,happiness
dwdii,Jennifer_Aniston_0012.jpg,happiness
dwdii,Mireya_Moscoso_0004.jpg,happiness
302,Elijah_Wood_0002.jpg,happiness
302,Gao_Qiang_0002.jpg,happiness
dwdii,Malcolm_Jamal_Warner_0001.jpg,happiness
302,Benjamin_Bratt_0001.jpg,happiness
302,George_Foreman_0001.jpg,happiness
dwdii,Joe_Dumars_0002.jpg,happiness
302,Carson_Palmer_0001.jpg,happiness
302,Halle_Berry_0005.jpg,happiness
jhamski,SharmilaTagore_50.jpg,happiness
302,Daja_Bedanova_0001.jpg,happiness
dwdii,Zhang_Ziyi_0004.jpg,happiness
dwdii,Robert_Nardelli_0001.jpg,happiness
dwdii,Vivica_Fox_0002.jpg,happiness
dwdii,Jennifer_Renee_Short_0001.jpg,happiness
302,Bob_Hayes_0001.jpg,happiness
302,Gianna_Angelopoulos-Daskalaki_0001.jpg,happiness
302,Ashley_Judd_0001.jpg,happiness
302,Ari_Fleischer_0010.jpg,happiness
dwdii,Kevin_Costner_0001.jpg,happiness
dwdii,Rachel_Griffiths_0001.jpg,happiness
302,Gerhard_Schroeder_0015.jpg,happiness
302,Amelia_Vega_0005.jpg,happiness
302,Hama_Arba_Diallo_0001.jpg,happiness
dwdii,Rupert_Murdoch_0001.jpg,happiness
dwdii,Serena_Karlan_0001.jpg,happiness
dwdii,Miranda_Otto_0001.jpg,happiness
dwdii,Valery_Giscard_dEstaing_0006.jpg,happiness
dwdii,Sven_Goran_Eriksson_0001.jpg,happiness
dwdii,Julianne_Moore_0017.jpg,happiness
dwdii,Roh_Moo-hyun_0020.jpg,happiness
dwdii,Patricia_Clarkson_0004.jpg,happiness
dwdii,Roberto_Canessa_0001.jpg,happiness
dwdii,Moon-So-ri_0001.jpg,happiness
302,Diana_Krall_0006.jpg,happiness
302,Gerhard_Schroeder_0051.jpg,happiness
dwdii,William_Cocksedge_0001.jpg,happiness
dwdii,Sam_Torrance_0003.jpg,happiness
dwdii,Ronald_Reagan_0002.jpg,happiness
dwdii,Luciano_Pavarotti_0001.jpg,happiness
jhamski,Dileep_52.jpg,happiness
302,George_W_Bush_0214.jpg,happiness
dwdii,Michael_Chiklis_0004.jpg,happiness
dwdii,Norah_Jones_0014.jpg,happiness
302,Barrett_Jackman_0002.jpg,happiness
302,Ham_Pong-sil_0001.jpg,happiness
302,Ari_Fleischer_0005.jpg,happiness
302,David_Nalbandian_0002.jpg,happiness
jhamski,Jayamadhuri_146.jpg,happiness
dwdii,Pervez_Musharraf_0013.jpg,happiness
302,Jack_Straw_0016.jpg,happiness
dwdii,Nestor_Kirchner_0021.jpg,happiness
dwdii,Terrell_Suggs_0001.jpg,happiness
302,Billy_Crystal_0003.jpg,happiness
302,Carlos_Ruiz_0002.jpg,happiness
302,Gina_Centrello_0001.jpg,happiness
dwdii,Takashi_Sorimachi_0002.jpg,happiness
dwdii,Michael_Lechner_0001.jpg,happiness
302,Cindy_Zagorski_0001.jpg,happiness
dwdii,Jonathan_Tiomkin_0001.jpg,happiness
dwdii,Jennifer_Garner_0006.jpg,happiness
dwdii,Jung_Bong_0001.jpg,happiness
302,Alejandro_Toledo_0035.jpg,happiness
302,David_Beckham_0001.jpg,happiness
dwdii,Luis_Ernesto_Derbez_Bautista_0003.jpg,happiness
302,Donald_Rumsfeld_0068.jpg,happiness
302,Colin_Powell_0026.jpg,happiness
dwdii,Keith_Brown_0001.jpg,happiness
jhamski,KatrinaKaif_49.jpg,happiness
dwdii,Nicanor_Duarte_Frutos_0007.jpg,happiness
dwdii,Silvio_Berlusconi_0009.jpg,happiness
dwdii,Princess_Masako_0001.jpg,happiness
302,Greg_Owen_0001.jpg,happiness
302,Elizabeth_Hurley_0003.jpg,happiness
302,Gianna_Angelopoulos-Daskalaki_0003.jpg,happiness
302,Horace_Donovan_Reid_0001.jpg,happiness
302,Cheryl_James_0001.jpg,happiness
dwdii,Juan_Carlos_Ferrero_0022.jpg,happiness
JN721,Laura_Morante_0001.jpg,happiness
dwdii,Noelle_Bush_0003.jpg,happiness
302,Costas_Simitis_0004.jpg,happiness
dwdii,Rudolph_Giuliani_0023.jpg,happiness
302,Eric_Fehr_0001.jpg,happiness
302,Gloria_Macapagal_Arroyo_0039.jpg,happiness
302,Ernie_Fletcher_0001.jpg,happiness
jhamski,Jayamadhuri_199.jpg,happiness
302,Hee-Won_Han_0002.jpg,happiness
dwdii,Thabo_Mbeki_0005.jpg,happiness
dwdii,Paula_Prentiss_0001.jpg,happiness
dwdii,Juan_Antonio_Samaranch_0001.jpg,happiness
dwdii,Richard_Palmer_0001.jpg,happiness
dwdii,Ricardo_Lagos_0005.jpg,happiness
dwdii,Kiki_Vandeweghe_0002.jpg,happiness
dwdii,Jennifer_Lopez_0002.jpg,happiness
302,Caroline_Link_0001.jpg,happiness
dwdii,Robert_Blackwill_0002.jpg,happiness
302,Ariel_Sharon_0061.jpg,happiness
dwdii,Roh_Moo-hyun_0019.jpg,happiness
dwdii,Warren_Buffett_0001.jpg,happiness
302,Jacques_Chirac_0014.jpg,happiness
302,Daniel_Radcliffe_0002.jpg,happiness
302,Colin_Powell_0004.jpg,happiness
dwdii,Monica_Serra_0001.jpg,happiness
dwdii,Tony_Shalhoub_0003.jpg,happiness
302,Antony_Leung_0002.jpg,happiness
dwdii,Ray_Romano_0005.jpg,happiness
302,Aretha_Franklin_0001.jpg,happiness
302,Arnold_Schwarzenegger_0027.jpg,happiness
302,Britney_Spears_0006.jpg,happiness
jhamski,Dwarakish_119.jpg,happiness
302,Hee-Won_Han_0003.jpg,happiness
jhamski,Dwarakish_147.jpg,happiness
dwdii,Omar_Sharif_0003.jpg,happiness
302,David_Stern_0004.jpg,happiness
dwdii,Tony_Blair_0132.jpg,happiness
302,Gary_Stevens_0001.jpg,happiness
dwdii,Tony_Blair_0127.jpg,happiness
dwdii,Jennifer_Garner_0003.jpg,happiness
dwdii,Sammy_Sosa_0002.jpg,happiness
302,George_Lopez_0004.jpg,happiness
302,Emily_Stevens_0001.jpg,happiness
302,Barbara_Walters_0001.jpg,happiness
dwdii,Jiang_Zemin_0009.jpg,happiness
jhamski,Jayamadhuri_202.jpg,happiness
dwdii,Tavis_Smiley_0001.jpg,happiness
dwdii,Junichiro_Koizumi_0052.jpg,happiness
dwdii,Phillip_Seymor_Hoffmann_0001.jpg,happiness
302,Cindy_Moll_0001.jpg,happiness
302,Ernie_Els_0003.jpg,happiness
dwdii,Marisol_Breton_0001.jpg,happiness
302,Henry_Suazo_0001.jpg,happiness
302,Gianna_Angelopoulos-Daskalaki_0002.jpg,happiness
dwdii,Warren_Buffett_0002.jpg,happiness
302,Diana_Taylor_0001.jpg,happiness
dwdii,Bilal_Erdogan_0001.jpg,happiness
dwdii,Meg_Wakeman_0001.jpg,happiness
dwdii,Tony_Blair_0065.jpg,happiness
dwdii,Tia_Mowry_0001.jpg,happiness
dwdii,Kate_Hudson_0004.jpg,happiness
dwdii,Junichiro_Koizumi_0055.jpg,happiness
302,George_W_Bush_0145.jpg,happiness
302,Bob_Hope_0004.jpg,happiness
jhamski,Jayamadhuri_78.jpg,happiness
dwdii,Joan_Laporta_0005.jpg,happiness
302,Jacques_Chirac_0018.jpg,happiness
dwdii,Lleyton_Hewitt_0030.jpg,happiness
302,Jason_Kidd_0002.jpg,happiness
302,Carlos_Menem_0013.jpg,happiness
302,Gavyn_Arthur_0001.jpg,happiness
302,Anthony_LaPaglia_0002.jpg,happiness
302,Alvaro_Uribe_0020.jpg,happiness
302,Franz_Muentefering_0004.jpg,happiness
dwdii,Katherine_Harris_0003.jpg,happiness
302,Cesar_Gaviria_0006.jpg,happiness
302,Dinah_Turner_0001.jpg,happiness
jhamski,Jayamadhuri_141.jpg,happiness
302,Arnold_Schwarzenegger_0035.jpg,happiness
302,Halle_Berry_0014.jpg,happiness
dwdii,Spencer_Abraham_0014.jpg,happiness
dwdii,Mary_Steenburgen_0003.jpg,happiness
dwdii,Naomi_Watts_0022.jpg,happiness
dwdii,Katherine_Harris_0001.jpg,happiness
dwdii,Milt_Palacio_0001.jpg,happiness
dwdii,Sarah_Weddington_0001.jpg,happiness
302,Dan_Morales_0001.jpg,happiness
302,Guillermo_Ortiz_0002.jpg,happiness
302,Gloria_Macapagal_Arroyo_0036.jpg,happiness
dwdii,Mahmoud_Abbas_0022.jpg,happiness
302,James_Blake_0008.jpg,happiness
dwdii,Svetlana_Koroleva_0001.jpg,happiness
302,Brian_Campbell_0001.jpg,happiness
dwdii,Marisa_Tomei_0001.jpg,happiness
302,Jackie_Chan_0002.jpg,happiness
302,Brian_Williams_0001.jpg,happiness
dwdii,Chick_Hearn_0003.jpg,happiness
302,Gong_Li_0001.jpg,happiness
dwdii,Salma_Hayek_0001.jpg,happiness
dwdii,Jeffrey_Ashby_0001.jpg,happiness
dwdii,Nino_DAngelo_0001.jpg,happiness
dwdii,Richard_Greenberg_0001.jpg,happiness
jhamski,Dwarakish_115.jpg,happiness
dwdii,Marcio_de_Souza_0001.jpg,happiness
302,George_Robertson_0007.jpg,happiness
dwdii,Pedro_Almodovar_0001.jpg,happiness
302,Alistair_MacDonald_0001.jpg,happiness
dwdii,Lonnie_Donegan_0001.jpg,happiness
jhamski,Jayamadhuri_77.jpg,happiness
jhamski,HrithikRoshan_137.jpg,happiness
302,Geoffrey_Rush_0001.jpg,happiness
dwdii,Norah_Jones_0002.jpg,happiness
302,Bela_Karolyi_0001.jpg,happiness
302,Hugo_Chavez_0014.jpg,happiness
302,Bruce_Springsteen_0002.jpg,happiness
jhamski,KatrinaKaif_10.jpg,happiness
dwdii,Katalin_Kollat_0001.jpg,happiness
302,Gabriella_Bo_0001.jpg,happiness
dwdii,Patti_Labelle_0002.jpg,happiness
302,Emile_Lahoud_0002.jpg,happiness
dwdii,Timothy_Goebel_0001.jpg,happiness
dwdii,Michael_Schumacher_0009.jpg,happiness
302,Hugo_Conte_0001.jpg,happiness
302,Gerhard_Schroeder_0055.jpg,happiness
dwdii,Sinead_OConnor_0001.jpg,happiness
302,Courtney_Cox_0001.jpg,happiness
dwdii,Rudy_Tomjanovich_0001.jpg,happiness
dwdii,Nicole_Kidman_0010.jpg,happiness
dwdii,Julianne_Moore_0019.jpg,happiness
dwdii,Paula_Zahn_0001.jpg,happiness
302,David_Beckham_0026.jpg,happiness
302,Fran_Drescher_0001.jpg,happiness
dwdii,Serena_Williams_0030.jpg,happiness
dwdii,Wolfgang_Schuessel_0003.jpg,happiness
dwdii,Jiang_Zemin_0017.jpg,happiness
dwdii,Xiang_Xu_0001.jpg,happiness
dwdii,Madonna_0003.jpg,happiness
302,Gene_Hackman_0001.jpg,happiness
302,Donald_Rumsfeld_0094.jpg,happiness
dwdii,Steffi_Graf_0005.jpg,happiness
302,Harrison_Ford_0008.jpg,happiness
dwdii,Tony_Blair_0102.jpg,happiness
dwdii,Jessica_Lynch_0002.jpg,happiness
dwdii,Tim_Henman_0016.jpg,happiness
dwdii,Mike_Easley_0001.jpg,happiness
302,Baz_Luhrmann_0001.jpg,happiness
302,Angelina_Jolie_0003.jpg,happiness
302,Hugo_Chavez_0039.jpg,happiness
dwdii,Shireen_Amir_Begum_0001.jpg,happiness
302,Gen_Meredith_0001.jpg,happiness
302,Bob_Melvin_0001.jpg,happiness
302,George_W_Bush_0278.jpg,happiness
302,Camryn_Manheim_0001.jpg,happiness
302,Clint_Eastwood_0005.jpg,happiness
dwdii,Kate_Winslet_0002.jpg,happiness
302,Claire_Hentzen_0002.jpg,happiness
JN721,Larry_Hagman_0001.jpg,happiness
302,Gerard_Butler_0001.jpg,happiness
302,Hamad_Bin_Isa_al-Khalifa_0001.jpg,happiness
dwdii,Jim_Thome_0001.jpg,happiness
dwdii,Jim_Tressel_0004.jpg,happiness
jhamski,Jayamadhuri_57.jpg,happiness
302,Chin-Feng_Chen_0001.jpg,happiness
dwdii,Jean_Chretien_0014.jpg,happiness
dwdii,Naomi_Watts_0008.jpg,happiness
dwdii,Meryl_Streep_0003.jpg,happiness
302,Bruce_Lunsford_0001.jpg,happiness
JN721,Lance_Armstrong_0013.jpg,happiness
dwdii,Juliette_Lewis_0001.jpg,happiness
dwdii,Justin_Timberlake_0004.jpg,happiness
dwdii,Julio_Cesar_Franco_0001.jpg,happiness
dwdii,Johnny_Benson_0001.jpg,happiness
302,Gloria_Macapagal_Arroyo_0038.jpg,happiness
dwdii,Maria_Simon_0001.jpg,happiness
302,Andre_Agassi_0027.jpg,happiness
dwdii,Richard_Virenque_0005.jpg,happiness
dwdii,Vladimir_Putin_0001.jpg,happiness
302,Ben_Affleck_0003.jpg,happiness
302,Ilan_Ramon_0003.jpg,happiness
dwdii,Tony_Stewart_0004.jpg,happiness
302,Angel_Maza_0001.jpg,happiness
dwdii,Robert_Blake_0005.jpg,happiness
302,Gerhard_Schroeder_0091.jpg,happiness
302,Carlos_Vives_0004.jpg,happiness
302,George_W_Bush_0321.jpg,happiness
dwdii,Paul_Martin_0003.jpg,happiness
dwdii,Roh_Moo-hyun_0022.jpg,happiness
dwdii,Reggie_Lewis_0001.jpg,happiness
dwdii,Tony_Blair_0099.jpg,happiness
302,George_Papandreou_0001.jpg,happiness
302,Bob_Goldman_0001.jpg,happiness
302,Fred_Funk_0002.jpg,happiness
302,Cole_Chapman_0001.jpg,happiness
jhamski,Dwarakish_163.jpg,happiness
dwdii,Paula_Abdul_0001.jpg,happiness
dwdii,Robin_McLaurin_Williams_0002.jpg,happiness
302,Brian_Griese_0001.jpg,happiness
dwdii,Lucy_Liu_0002.jpg,happiness
JN721,Larry_Coker_0002.jpg,happiness
302,David_Beckham_0017.jpg,happiness
302,Alex_Barros_0001.jpg,happiness
302,Edmund_Stoiber_0008.jpg,happiness
302,Carlos_Menem_0015.jpg,happiness
jhamski,HrithikRoshan_4.jpg,happiness
dwdii,Queen_Latifah_0002.jpg,happiness
302,Drew_Barrymore_0001.jpg,happiness
302,Elvis_Stojko_0001.jpg,happiness
302,Alex_Sink_0001.jpg,happiness
302,Afton_Smith_0001.jpg,happiness
302,Brendan_Hansen_0002.jpg,happiness
302,Ignatius_Wang_0001.jpg,happiness
dwdii,John_Negroponte_0003.jpg,happiness
dwdii,Paul_Li_Calsi_0001.jpg,happiness
JN721,Liam_Neeson_0002.jpg,happiness
302,Gerhard_Schroeder_0057.jpg,happiness
302,Colin_Powell_0229.jpg,happiness
dwdii,Susan_Sarandon_0005.jpg,happiness
dwdii,Penelope_Cruz_0002.jpg,happiness
dwdii,Tiger_Woods_0010.jpg,happiness
dwdii,Mary_Lou_Retton_0001.jpg,happiness
dwdii,Nastia_Liukin_0001.jpg,happiness
JN721,Kurt_Warner_0005.jpg,happiness
dwdii,Muhammad_Ali_0008.jpg,happiness
dwdii,Ricardo_Lagos_0026.jpg,happiness
302,Daniele_Nardello_0001.jpg,happiness
302,Elijah_Wood_0001.jpg,happiness
dwdii,Zhu_Rongji_0001.jpg,happiness
jhamski,FaridaJalal_56.jpg,happiness
302,Alexander_Downer_0001.jpg,happiness
302,George_HW_Bush_0004.jpg,happiness
302,Eliane_Karp_0001.jpg,happiness
302,Celine_Dion_0002.jpg,happiness
jhamski,FaridaJalal_82.jpg,happiness
302,Alejandro_Lembo_0001.jpg,happiness
dwdii,Wayne_Gretzky_0004.jpg,happiness
dwdii,Rudolf_Schuster_0001.jpg,happiness
JN721,Linda_Mason_0001.jpg,happiness
302,Isabela_Moraes_0001.jpg,happiness
302,Aparna_Pillai_0001.jpg,happiness
dwdii,Masamori_Tokuyama_0001.jpg,happiness
dwdii,Spike_Helmick_0001.jpg,happiness
302,Bill_Clinton_0018.jpg,happiness
dwdii,Yoon_Young-kwan_0001.jpg,happiness
dwdii,Mack_Brown_0001.jpg,happiness
dwdii,Madonna_0001.jpg,happiness
302,Angelina_Jolie_0018.jpg,happiness
dwdii,Sebastian_Saja_0001.jpg,happiness
302,Ashanti_0003.jpg,happiness
302,George_W_Bush_0418.jpg,happiness
302,Eduardo_Fischer_0001.jpg,happiness
dwdii,Juan_Carlos_Ferrero_0023.jpg,happiness
302,Frederique_van_der_Wal_0001.jpg,happiness
dwdii,Steve_Pagliuca_0001.jpg,happiness
dwdii,Mikhail_Khodorkovsky_0001.jpg,happiness
dwdii,Robert_Evans_0002.jpg,happiness
jhamski,Dwarakish_97.jpg,happiness
dwdii,Maria_Luisa_Mendonca_0002.jpg,happiness
dwdii,Boris_Henry_0001.jpg,happiness
302,Gary_Carter_0002.jpg,happiness
302,Jan_Bjoerklund_0001.jpg,happiness
dwdii,Jean_Charest_0005.jpg,happiness
302,Chawki_Armali_0001.jpg,happiness
302,Craig_Morgan_0001.jpg,happiness
302,George_W_Bush_0045.jpg,happiness
302,Eileen_Coparropa_0003.jpg,happiness
dwdii,Rosemarie_Stack_0002.jpg,happiness
dwdii,John_Reilly_0001.jpg,happiness
302,Amanda_Plumer_0001.jpg,happiness
dwdii,Roberto_Guaterroma_0001.jpg,happiness
302,Gerhard_Schroeder_0038.jpg,happiness
dwdii,Ruben_Sierra_0001.jpg,happiness
dwdii,William_Morrow_0001.jpg,happiness
dwdii,Jiang_Zemin_0014.jpg,happiness
dwdii,Marsha_Thomason_0001.jpg,happiness
302,Dennis_Archer_0001.jpg,happiness
dwdii,Nancy_Pelosi_0015.jpg,happiness
302,David_Anderson_0004.jpg,happiness
dwdii,Jonathan_Horton_0001.jpg,happiness
dwdii,Kathleen_Kennedy_Townsend_0002.jpg,happiness
302,Flor_Montulo_0002.jpg,happiness
jhamski,SharmilaTagore_76.jpg,happiness
dwdii,John_Travolta_0004.jpg,happiness
302,Heidi_Klum_0001.jpg,happiness
dwdii,Tony_Blair_0027.jpg,happiness
jhamski,KatrinaKaif_5.jpg,happiness
302,Bill_McBride_0006.jpg,happiness
dwdii,Yuri_Malenchenko_0001.jpg,happiness
302,Bill_Clinton_0024.jpg,happiness
dwdii,Julianne_Moore_0007.jpg,happiness
dwdii,Marwan_Barghouthi_0001.jpg,happiness
302,Hillary_Clinton_0009.jpg,happiness
dwdii,Jon_Constance_0001.jpg,happiness
302,Anibal_Ibarra_0002.jpg,happiness
dwdii,Phil_Gramm_0002.jpg,happiness
dwdii,Richard_Crenna_0002.jpg,happiness
jhamski,KatrinaKaif_58.jpg,happiness
302,Hank_Stram_0001.jpg,happiness
302,Angela_Bassett_0002.jpg,happiness
302,Jackie_Chan_0001.jpg,happiness
dwdii,Stanley_McChrystal_0002.jpg,happiness
dwdii,Rod_Stewart_0002.jpg,happiness
dwdii,Jim_OBrien_0001.jpg,happiness
dwdii,Karen_Pereiras_0001.jpg,happiness
dwdii,Roh_Moo-hyun_0006.jpg,happiness
dwdii,Naomi_Watts_0017.jpg,happiness
dwdii,Ricardo_Lagos_0020.jpg,happiness
dwdii,Monica_Seles_0004.jpg,happiness
302,Helen_Clark_0003.jpg,happiness
jhamski,Jayamadhuri_110.jpg,happiness
dwdii,Lleyton_Hewitt_0016.jpg,happiness
302,Anwar_Ibrahim_0002.jpg,happiness
302,Imran_Khan_0001.jpg,happiness
302,Bode_Miller_0002.jpg,happiness
dwdii,Pervez_Musharraf_0010.jpg,happiness
302,Gloria_Macapagal_Arroyo_0002.jpg,happiness
302,Dorothy_Wilson_0001.jpg,happiness
302,Catriona_Le_May_Doan_0001.jpg,happiness
dwdii,Lucio_Gutierrez_0013.jpg,happiness
jhamski,FaridaJalal_6.jpg,happiness
dwdii,Paul_Wals_0001.jpg,happiness
302,Greg_Gilbert_0002.jpg,happiness
dwdii,Natasha_McElhone_0001.jpg,happiness
dwdii,Vladimir_Putin_0026.jpg,happiness
dwdii,Naomi_Watts_0014.jpg,happiness
dwdii,Tony_Blair_0138.jpg,happiness
dwdii,Sedigh_Barmak_0001.jpg,happiness
jhamski,HrithikRoshan_221.jpg,happiness
302,Daniel_Rouse_0001.jpg,happiness
dwdii,Lino_Oviedo_0003.jpg,happiness
dwdii,Queen_Latifah_0003.jpg,happiness
302,Britney_Spears_0010.jpg,happiness
dwdii,Matt_Damon_0001.jpg,happiness
302,Cesar_Maia_0001.jpg,happiness
dwdii,William_Rehnquist_0001.jpg,happiness
dwdii,Spike_Jonze_0001.jpg,happiness
dwdii,John_Wolf_0001.jpg,happiness
302,Bill_Simon_0009.jpg,happiness
dwdii,Queen_Elizabeth_II_0009.jpg,happiness
dwdii,Tony_Blair_0064.jpg,happiness
302,Carolina_Kluft_0001.jpg,happiness
dwdii,Sally_Kirkland_0003.jpg,happiness
302,Dominik_Garcia-Lorido_0002.jpg,happiness
dwdii,Michael_Ballack_0003.jpg,happiness
dwdii,Manuel_Poggiali_0002.jpg,happiness
302,Alex_Holmes_0001.jpg,happiness
dwdii,Takashi_Yamamoto_0001.jpg,happiness
dwdii,Roh_Moo-hyun_0001.jpg,happiness
dwdii,Junichiro_Koizumi_0033.jpg,happiness
dwdii,Michelle_Kwan_0006.jpg,happiness
dwdii,Maria_Wetterstrand_0001.jpg,happiness
302,Halle_Berry_0003.jpg,happiness
dwdii,Jeremy_Shockey_0002.jpg,happiness
dwdii,Jose_Maria_Aznar_0018.jpg,happiness
dwdii,Karen_Allen_0001.jpg,happiness
dwdii,Saburo_Kawabuchi_0002.jpg,happiness
dwdii,Mick_Jagger_0003.jpg,happiness
dwdii,Kate_Hudson_0003.jpg,happiness
dwdii,Lleyton_Hewitt_0024.jpg,happiness
dwdii,Sharon_Stone_0002.jpg,happiness
302,Beatriz_Merino_0001.jpg,happiness
302,David_Heyman_0001.jpg,happiness
dwdii,John_Wolf_0002.jpg,happiness
302,Brad_Brownell_0001.jpg,happiness
302,Bill_Gates_0006.jpg,happiness
dwdii,Mary_Frances_Seiter_0001.jpg,happiness
302,Anders_Ebbeson_0002.jpg,happiness
302,Chris_Penn_0001.jpg,happiness
302,Al_Davis_0001.jpg,happiness
jhamski,HrithikRoshan_147.jpg,happiness
jhamski,SharmilaTagore_79.jpg,happiness
302,Franz_Gsell_0001.jpg,happiness
dwdii,Saddam_Hussein_0003.jpg,happiness
302,Gil_de_Ferran_0004.jpg,happiness
302,Brigitte_Boisselier_0002.jpg,happiness
dwdii,Pete_Sampras_0022.jpg,happiness
dwdii,Margie_Puente_0001.jpg,happiness
302,Gerald_Barbarito_0001.jpg,happiness
302,James_Kelly_0008.jpg,happiness
302,Bill_Parcells_0002.jpg,happiness
302,Halle_Berry_0016.jpg,happiness
dwdii,Mark_Polansky_0001.jpg,happiness
dwdii,Tina_Brown_0001.jpg,happiness
JN721,Laurent_Jalabert_0002.jpg,happiness
dwdii,Nathalie_Baye_0003.jpg,happiness
jhamski,Jayamadhuri_105.jpg,happiness
302,Bill_Clinton_0026.jpg,happiness
302,Dolma_Tsering_0002.jpg,happiness
jhamski,Jayamadhuri_54.jpg,happiness
302,Chadha_Gurinder_0001.jpg,happiness
302,Alex_Zanardi_0001.jpg,happiness
302,Bill_Clinton_0028.jpg,happiness
dwdii,Joaquin_Phoenix_0001.jpg,happiness
dwdii,Yoko_Ono_0001.jpg,happiness
dwdii,Rien_Long_0001.jpg,happiness
dwdii,San_Lan_0001.jpg,happiness
302,Edward_Lu_0004.jpg,happiness
dwdii,Serena_Williams_0038.jpg,happiness
dwdii,Mike_Scioscia_0001.jpg,happiness
302,Ann_Veneman_0005.jpg,happiness
JN721,Leon_LaPorte_0002.jpg,happiness
302,Arnold_Schwarzenegger_0007.jpg,happiness
dwdii,Joy_Bryant_0001.jpg,happiness
JN721,Leuris_Pupo_0001.jpg,happiness
302,Bruce_Paltrow_0001.jpg,happiness
dwdii,Jose_Serra_0009.jpg,happiness
dwdii,Pierce_Brosnan_0013.jpg,happiness
dwdii,Renee_Zellweger_0016.jpg,happiness
302,Jack_Straw_0003.jpg,happiness
dwdii,Zarai_Toledo_0001.jpg,happiness
dwdii,Michael_Douglas_0006.jpg,happiness
302,Bill_Mauldin_0001.jpg,happiness
302,Frank_Zappa_0001.jpg,happiness
302,Antonio_Palocci_0003.jpg,happiness
dwdii,Simon_Yam_0001.jpg,happiness
302,Guillermo_Coria_0025.jpg,happiness
dwdii,Tomas_Malik_0001.jpg,happiness
302,Gerhard_Schroeder_0109.jpg,happiness
302,Anna_Faris_0001.jpg,happiness
302,Hamid_Karzai_0004.jpg,happiness
JN721,Kim_Clijsters_0006.jpg,happiness
302,Gwyneth_Paltrow_0001.jpg,happiness
dwdii,Vladimir_Putin_0025.jpg,happiness
302,Enrica_Fico_0001.jpg,happiness
dwdii,Tony_Stewart_0001.jpg,happiness
302,Jacques_Chirac_0020.jpg,happiness
dwdii,Prince_Willem-Alexander_0001.jpg,happiness
dwdii,Teddy_Kollek_0001.jpg,happiness
302,Dick_Latessa_0002.jpg,happiness
302,Ernie_Els_0004.jpg,happiness
dwdii,Nestor_Kirchner_0002.jpg,happiness
302,Caroline_Kennedy_0003.jpg,happiness
302,Cecilia_Bolocco_0003.jpg,happiness
dwdii,Padraig_Harrington_0003.jpg,happiness
JN721,Kim_Clijsters_0003.jpg,happiness
302,Charles_Taylor_0008.jpg,happiness
302,Catherine_Zeta-Jones_0002.jpg,happiness
dwdii,Michelle_Kwan_0005.jpg,happiness
dwdii,Nicole_Parker_0001.jpg,happiness
dwdii,Melanie_Griffith_0002.jpg,happiness
302,George_W_Bush_0097.jpg,happiness
302,Fernando_Vargas_0002.jpg,happiness
jhamski,HrithikRoshan_157.jpg,happiness
dwdii,Toni_Jennings_0001.jpg,happiness
dwdii,Zhang_Wenkang_0002.jpg,happiness
dwdii,Nestor_Kirchner_0022.jpg,happiness
dwdii,Ronaldo_Luis_Nazario_de_Lima_0001.jpg,happiness
302,Elizabeth_Smart_0002.jpg,happiness
JN721,Laura_Bush_0006.jpg,happiness
dwdii,Ryan_Nyquist_0001.jpg,happiness
302,Alejandro_Toledo_0007.jpg,happiness
dwdii,Julianne_Moore_0005.jpg,happiness
dwdii,Norah_Jones_0015.jpg,happiness
302,Hugh_Grant_0004.jpg,happiness
dwdii,Sureyya_Ayhan_0001.jpg,happiness
dwdii,Vladimir_Putin_0023.jpg,happiness
jhamski,Jayamadhuri_26.jpg,happiness
dwdii,Phil_Jackson_0001.jpg,happiness
302,Jason_Clermont_0001.jpg,happiness
302,Angela_Bassett_0003.jpg,happiness
dwdii,Stepan_Demirchian_0001.jpg,happiness
dwdii,Tony_Blair_0126.jpg,happiness
jhamski,Dwarakish_167.jpg,happiness
dwdii,Tiger_Woods_0021.jpg,happiness
dwdii,Tom_Hanks_0006.jpg,happiness
dwdii,Marco_Pantani_0001.jpg,happiness
302,Adam_Sandler_0004.jpg,happiness
jhamski,KatrinaKaif_94.jpg,happiness
302,Jacqueline_Gold_0001.jpg,happiness
dwdii,Tom_Cruise_0006.jpg,happiness
dwdii,Mikulas_Dzurinda_0002.jpg,happiness
302,Bertrand_Bonello_0002.jpg,happiness
302,Daisy_Fuentes_0001.jpg,happiness
302,Ai_Sugiyama_0001.jpg,happiness
dwdii,Ted_Williams_0001.jpg,happiness
dwdii,Norm_Coleman_0003.jpg,happiness
dwdii,Jennifer_Love_Hewitt_0001.jpg,happiness
dwdii,Meg_Mallon_0001.jpg,happiness
dwdii,Oswaldo_Paya_0002.jpg,happiness
302,Catherine_Bell_0001.jpg,happiness
jhamski,Jayamadhuri_127.jpg,happiness
302,Colin_Montgomerie_0005.jpg,happiness
302,Diana_Munz_0002.jpg,happiness
dwdii,Tim_Henman_0017.jpg,happiness
302,Gerhard_Schroeder_0058.jpg,happiness
dwdii,Norodom_Sihanouk_0001.jpg,happiness
dwdii,Nan_Wang_0004.jpg,happiness
jhamski,Jayamadhuri_99.jpg,happiness
JN721,Linda_Ham_0001.jpg,happiness
dwdii,Owen_Wilson_0001.jpg,happiness
dwdii,Vanessa_Redgrave_0002.jpg,happiness
dwdii,Paul_Gascoigne_0002.jpg,happiness
dwdii,Philip_Cummings_0001.jpg,happiness
302,Estella_Warren_0001.jpg,happiness
302,Alek_Wek_0001.jpg,happiness
302,Donald_Rumsfeld_0121.jpg,happiness
302,Charles_Chandler_IV_0001.jpg,happiness
jhamski,SharmilaTagore_3.jpg,happiness
dwdii,Masja_Juel_0001.jpg,happiness
dwdii,Nathalie_Baye_0001.jpg,happiness
dwdii,Valerie_Harper_0001.jpg,happiness
302,Janice_Goldfinger_0001.jpg,happiness
dwdii,Ralph_Sampson_0001.jpg,happiness
302,Catherine_Deneuve_0005.jpg,happiness
dwdii,Ludivine_Sagnier_0003.jpg,happiness
dwdii,Paul_Reiser_0001.jpg,happiness
302,Al_Leiter_0001.jpg,happiness
dwdii,Rodrigo_Borja_0002.jpg,happiness
dwdii,Jose_Maria_Aznar_0004.jpg,happiness
302,George_W_Bush_0196.jpg,happiness
302,Arnold_Schwarzenegger_0041.jpg,happiness
dwdii,Megawati_Sukarnoputri_0028.jpg,happiness
302,George_Brumley_0002.jpg,happiness
dwdii,Juan_Carlos_Ferrero_0021.jpg,happiness
JN721,Kirsten_Dunst_0001.jpg,happiness
302,Bill_Maher_0001.jpg,happiness
jhamski,Dwarakish_136.jpg,happiness
dwdii,Queen_Beatrix_0002.jpg,happiness
dwdii,Justine_Henin_0002.jpg,happiness
JN721,Li_Zhaoxing_0008.jpg,happiness
dwdii,Rhett_Warrener_0001.jpg,happiness
dwdii,Zhu_Rongji_0008.jpg,happiness
302,Colin_Powell_0125.jpg,happiness
302,Ahmed_Ahmed_0001.jpg,happiness
dwdii,Suzanne_Torrance_0001.jpg,happiness
dwdii,Ricardo_Maduro_0001.jpg,happiness
dwdii,Oscar_De_La_Hoya_0001.jpg,happiness
dwdii,Sheryl_Crow_0007.jpg,happiness
302,Janet_Leigh_0001.jpg,happiness
302,Eriko_Tamura_0001.jpg,happiness
dwdii,Norah_Jones_0009.jpg,happiness
jhamski,HrithikRoshan_128.jpg,happiness
dwdii,Salma_Hayek_0008.jpg,happiness
dwdii,Marilyn_Monroe_0002.jpg,happiness
dwdii,Megawati_Sukarnoputri_0010.jpg,happiness
302,Alexis_Bledel_0001.jpg,happiness
dwdii,Steve_Karsay_0001.jpg,happiness
dwdii,Neil_Goldman_0001.jpg,happiness
dwdii,Kevin_Spacey_0002.jpg,happiness
JN721,Lance_Armstrong_0017.jpg,happiness
dwdii,Pierre_Gagnon_0001.jpg,happiness
jhamski,KatrinaKaif_8.jpg,happiness
JN721,Laura_Bush_0020.jpg,happiness
dwdii,Jeremy_Greenstock_0008.jpg,happiness
dwdii,Mario_Kreutzberger_0001.jpg,happiness
302,James_Williams_0001.jpg,happiness
JN721,Kristanna_Loken_0003.jpg,happiness
dwdii,Julio_Cesar_Chavez_0001.jpg,happiness
302,Alex_Wallau_0001.jpg,happiness
dwdii,Lyle_Lovett_0001.jpg,happiness
302,Dick_Cheney_0011.jpg,happiness
dwdii,Sylvester_Stallone_0006.jpg,happiness
dwdii,Lionel_Richie_0002.jpg,happiness
dwdii,Joe_Nichols_0001.jpg,happiness
302,Cheryl_Hines_0001.jpg,happiness
302,Edmund_Stoiber_0001.jpg,happiness
302,David_Anderson_0003.jpg,happiness
dwdii,Mike_Smith_0001.jpg,happiness
dwdii,Rubens_Barrichello_0005.jpg,happiness
dwdii,Naomi_Watts_0018.jpg,happiness
dwdii,Ken_Dorsey_0001.jpg,happiness
jhamski,FaridaJalal_18.jpg,happiness
302,Janis_Ruth_Coulter_0001.jpg,happiness
dwdii,Katrin_Susi_0001.jpg,happiness
302,George_W_Bush_0283.jpg,happiness
dwdii,Naomi_Watts_0005.jpg,happiness
302,Erika_Reyes_0001.jpg,happiness
jhamski,FaridaJalal_22.jpg,happiness
dwdii,Michael_Winterbottom_0003.jpg,happiness
dwdii,Wang_Yingfan_0001.jpg,happiness
302,Gloria_Macapagal_Arroyo_0042.jpg,happiness
dwdii,Tommy_Lasorda_0001.jpg,happiness
dwdii,John_Ashcroft_0022.jpg,happiness
dwdii,Natasha_McElhone_0003.jpg,happiness
302,Chick_Hearn_0001.jpg,happiness
jhamski,Dwarakish_148.jpg,happiness
jhamski,KatrinaKaif_45.jpg,happiness
dwdii,Sue_Slavec_0001.jpg,happiness
302,Claudia_Pechstein_0002.jpg,happiness
302,Ariel_Sharon_0036.jpg,happiness
302,Catherine_Zeta-Jones_0007.jpg,happiness
jhamski,KatrinaKaif_53.jpg,happiness
302,Daisy_Fuentes_0003.jpg,happiness
dwdii,Thomas_Malchow_0001.jpg,happiness
dwdii,Jeffrey_Immelt_0001.jpg,happiness
dwdii,Roger_Federer_0007.jpg,happiness
jhamski,FaridaJalal_51.jpg,happiness
302,Daniel_Radcliffe_0004.jpg,happiness
302,Anne_Heche_0001.jpg,happiness
dwdii,Thomas_Gottschalk_0001.jpg,happiness
jhamski,SharmilaTagore_6.jpg,happiness
dwdii,Jim_Carrey_0001.jpg,happiness
dwdii,Roy_Moore_0006.jpg,happiness
302,Jaime_Orti_0001.jpg,happiness
302,Angela_Mascia-Frye_0001.jpg,happiness
dwdii,Mikhail_Gorbachev_0001.jpg,happiness
dwdii,Michelle_Pfeiffer_0002.jpg,happiness
dwdii,John_Travolta_0001.jpg,happiness
dwdii,Jim_Cantalupo_0001.jpg,happiness
302,Colin_Powell_0231.jpg,happiness
dwdii,Noel_Forgeard_0001.jpg,happiness
302,Elizabeth_Smart_0001.jpg,happiness
dwdii,Katerina_Smrzova_0001.jpg,happiness
dwdii,Lino_Oviedo_0002.jpg,happiness
dwdii,Tiger_Woods_0020.jpg,happiness
dwdii,Monica_Seles_0002.jpg,happiness
302,AJ_Lamas_0001.jpg,happiness
JN721,Kristanna_Loken_0001.jpg,happiness
302,Cathy_Chisholm_0001.jpg,happiness
302,Christian_Lirette_0001.jpg,happiness
dwdii,Vladimir_Putin_0003.jpg,happiness
302,Bernard_Law_0005.jpg,happiness
302,Gloria_Macapagal_Arroyo_0009.jpg,happiness
dwdii,Mike_Montgomery_0001.jpg,happiness
jhamski,HrithikRoshan_22.jpg,happiness
302,Dominique_de_Villepin_0003.jpg,happiness
dwdii,Meryl_Streep_0007.jpg,happiness
dwdii,Richard_Hellfant_0001.jpg,happiness
dwdii,Kate_Hudson_0008.jpg,happiness
dwdii,Sonya_Walger_0001.jpg,happiness
302,Amanda_Bynes_0002.jpg,happiness
302,Chick_Hearn_0002.jpg,happiness
JN721,Lance_Bass_0002.jpg,happiness
302,Brian_Cook_0001.jpg,happiness
jhamski,FaridaJalal_100.jpg,happiness
302,Bernard_Landry_0004.jpg,happiness
302,Debra_Brown_0002.jpg,happiness
dwdii,Roger_Clemens_0002.jpg,happiness
dwdii,Margaret_Caruso_0001.jpg,happiness
dwdii,Sarah_Hughes_0003.jpg,happiness
302,Dick_Bennett_0001.jpg,happiness
302,Abdullah_Gul_0004.jpg,happiness
302,Alexandra_Pelosi_0001.jpg,happiness
dwdii,Raul_Castaneda_0001.jpg,happiness
302,Andrei_Konchalovsky_0001.jpg,happiness
302,David_Canary_0001.jpg,happiness
302,Calista_Flockhart_0004.jpg,happiness
302,Evelyn_Lauder_0001.jpg,happiness
302,Andy_Roddick_0003.jpg,happiness
dwdii,Robert_Mueller_0002.jpg,happiness
dwdii,Pervez_Musharraf_0004.jpg,happiness
dwdii,Sean_Astin_0003.jpg,happiness
302,Geraldo_Rivera_0001.jpg,happiness
dwdii,Jim_Carrey_0002.jpg,surprise
302,Bill_Graham_0003.jpg,surprise
302,Anders_Fogh_Rasmussen_0001.jpg,surprise
dwdii,Sohail_Abbas_0001.jpg,surprise
302,David_Kelley_0001.jpg,surprise
dwdii,Mark_Bellhorn_0001.jpg,surprise
302,Garry_Witherall_0001.jpg,surprise
302,Gloria_Macapagal_Arroyo_0008.jpg,surprise
dwdii,Jelena_Dokic_0006.jpg,surprise
302,Hans_Eichel_0002.jpg,surprise
dwdii,Martin_Keown_0001.jpg,surprise
302,Bo_Ryan_0001.jpg,surprise
dwdii,Jeff_Van_Gundy_0001.jpg,surprise
302,Dave_Campo_0001.jpg,surprise
302,Jack_Smith_0001.jpg,surprise
JN721,LK_Advani_0003.jpg,surprise
628,facial-expressions_2868585k.jpg,surprise
dwdii,Martina_Hingis_0003.jpg,surprise
dwdii,Tom_Crean_0002.jpg,surprise
302,George_W_Bush_0343.jpg,surprise
302,Al_Sharpton_0005.jpg,surprise
dwdii,Suzanne_Gaudet_0002.jpg,surprise
302,Fernando_Gonzalez_0005.jpg,surprise
dwdii,Natalie_Maines_0003.jpg,surprise
dwdii,Muffet_McGraw_0001.jpg,surprise
JN721,Lenny_Wilkens_0001.jpg,surprise
dwdii,Michael_Bloomberg_0016.jpg,surprise
dwdii,Matt_Doherty_0002.jpg,surprise
dwdii,Tony_Blair_0047.jpg,surprise
jhamski,HrithikRoshan_188.jpg,surprise
302,Arthur_Johnson_0001.jpg,surprise
302,George_W_Bush_0466.jpg,surprise
302,Casy_Preslar_0001.jpg,surprise
dwdii,Zhu_Rongji_0005.jpg,surprise
dwdii,Jennifer_Capriati_0022.jpg,surprise
302,George_W_Bush_0520.jpg,surprise
302,Donna_Shalala_0002.jpg,surprise
302,Arnold_Schwarzenegger_0024.jpg,surprise
dwdii,Sebastian_Saja_0003.jpg,surprise
dwdii,John_Elway_0001.jpg,surprise
dwdii,Mike_Montgomery_0002.jpg,surprise
dwdii,Lleyton_Hewitt_0025.jpg,surprise
302,Beyonce_Knowles_0001.jpg,surprise
dwdii,Pat_Summitt_0001.jpg,surprise
302,George_W_Bush_0486.jpg,surprise
dwdii,Vicente_Fox_0009.jpg,surprise
302,George_W_Bush_0121.jpg,surprise
302,Dave_Odom_0001.jpg,surprise
302,Allison_Janney_0001.jpg,surprise
302,Christine_Todd_Whitman_0003.jpg,surprise
dwdii,Matt_Braker_0001.jpg,surprise
dwdii,Tony_Blair_0119.jpg,surprise
dwdii,Ricky_Quick_0001.jpg,surprise
dwdii,Rubens_Barrichello_0012.jpg,surprise
dwdii,John_Kerry_0002.jpg,surprise
dwdii,Tony_Blair_0009.jpg,surprise
302,George_W_Bush_0161.jpg,surprise
302,Alan_Greenspan_0003.jpg,surprise
dwdii,Lleyton_Hewitt_0006.jpg,surprise
302,Gary_Williams_0001.jpg,surprise
dwdii,Michael_Chang_0002.jpg,surprise
dwdii,Tim_Lobinger_0001.jpg,sadness
jhamski,HrithikRoshan_177.jpg,sadness
302,Carlos_Moya_0002.jpg,sadness
jhamski,Avinash_18.jpg,sadness
dwdii,Trent_Lott_0014.jpg,sadness
jhamski,Dileep_41.jpg,sadness
jhamski,Jayamadhuri_155.jpg,sadness
jhamski,Avinash_24.jpg,sadness
302,Daniela_Hantuchova_0001.jpg,sadness
dwdii,John_Swofford_0002.jpg,sadness
jhamski,Avinash_12.jpg,sadness
dwdii,Martha_Martinez_Flores_0001.jpg,sadness
dwdii,Magdalena_Maleeva_0001.jpg,sadness
jhamski,Dwarakish_154.jpg,sadness
302,Chante_Jawan_Mallard_0001.jpg,sadness
dwdii,Jon_Stewart_0001.jpg,sadness
jhamski,Dwarakish_13.jpg,sadness
jhamski,Dwarakish_130.jpg,sadness
dwdii,John_Edwards_0007.jpg,sadness
dwdii,Thomas_OBrien_0008.jpg,sadness
dwdii,Patricia_Garone_0001.jpg,sadness
302,Anette_Hosoi_0001.jpg,sadness
dwdii,Paul_Bremer_0020.jpg,sadness
jhamski,Dwarakish_80.jpg,sadness
dwdii,Stuart_Knoll_0001.jpg,sadness
302,Gerhard_Schroeder_0003.jpg,sadness
jhamski,HrithikRoshan_212.jpg,sadness
302,Gustavo_Kuerten_0001.jpg,sadness
jhamski,Dwarakish_87.jpg,sadness
jhamski,Avinash_10.jpg,sadness
302,Guillermo_Coria_0030.jpg,sadness
jhamski,Avinash_8.jpg,sadness
302,Andrew_Shutley_0001.jpg,sadness
jhamski,Jayamadhuri_170.jpg,sadness
jhamski,Dileep_14.jpg,sadness
dwdii,Nelson_Mandela_0002.jpg,sadness
dwdii,Venus_Williams_0005.jpg,sadness
302,Charlotte_Chambers_0001.jpg,sadness
jhamski,FaridaJalal_88.jpg,sadness
jhamski,Avinash_13.jpg,sadness
302,Boris_Becker_0002.jpg,sadness
dwdii,Placido_Domingo_0003.jpg,sadness
jhamski,Dileep_7.jpg,sadness
jhamski,Jayamadhuri_165.jpg,sadness
dwdii,Michelle_Branch_0002.jpg,anger
302,Anastasia_Myskina_0001.jpg,anger
dwdii,Jen_Bice_0001.jpg,anger
dwdii,Mike_Thibault_0001.jpg,anger
dwdii,Joe_Strummer_0001.jpg,anger
dwdii,Rachel_Wheatley_0001.jpg,anger
dwdii,Serena_Williams_0011.jpg,anger
jhamski,Dileep_91.jpg,anger
302,Arnold_Schwarzenegger_0023.jpg,anger
302,Colin_Powell_0055.jpg,anger
302,George_W_Bush_0306.jpg,anger
dwdii,Tom_Brennan_0001.jpg,anger
dwdii,Xanana_Gusmao_0005.jpg,anger
dwdii,Mark_Philippoussis_0005.jpg,anger
302,Giuseppe_Gibilisco_0002.jpg,anger
dwdii,Lleyton_Hewitt_0015.jpg,anger
dwdii,Serena_Williams_0008.jpg,anger
302,Bob_Huggins_0001.jpg,anger
dwdii,Jennifer_Capriati_0027.jpg,anger
302,Charles_Moose_0004.jpg,anger
dwdii,Jennifer_Capriati_0003.jpg,anger
302,Carlos_Arroyo_0001.jpg,anger
dwdii,John_Brady_0002.jpg,anger
dwdii,Juan_Carlos_Ferrero_0019.jpg,anger
302,Colin_Powell_0181.jpg,anger
jhamski,FaridaJalal_48.jpg,anger
dwdii,Reggie_Miller_0001.jpg,anger
dwdii,Tom_Coverdale_0001.jpg,anger
302,Atal_Bihari_Vajpayee_0010.jpg,anger
dwdii,Michael_Olowokandi_0001.jpg,anger
JN721,Lindsay_Davenport_0002.jpg,anger
dwdii,Jennifer_Capriati_0019.jpg,anger
dwdii,Jude_Law_0002.jpg,anger
dwdii,Jean_Chretien_0046.jpg,anger
dwdii,Tommy_Amaker_0001.jpg,anger
302,Charles_Moose_0006.jpg,anger
dwdii,Jennifer_Capriati_0038.jpg,anger
302,Bud_Selig_0004.jpg,anger
dwdii,Serena_Williams_0041.jpg,anger
dwdii,Princess_Maxima_0001.jpg,anger
302,Gerhard_Schroeder_0088.jpg,anger
JN721,Kurt_Suzuki_0001.jpg,anger
jhamski,Jayamadhuri_153.jpg,disgust
jhamski,Dwarakish_103.jpg,disgust
jhamski,Dwarakish_23.jpg,disgust
jhamski,Dwarakish_58.jpg,disgust
jhamski,Jayamadhuri_180.jpg,disgust
dwdii,Sourav_Ganguly_0002.jpg,disgust
jhamski,Dwarakish_61.jpg,disgust
jhamski,HrithikRoshan_112.jpg,disgust
jhamski,Dwarakish_107.jpg,disgust
jhamski,HrithikRoshan_125.jpg,disgust
jhamski,Jayamadhuri_194.jpg,disgust
jhamski,Dwarakish_128.jpg,disgust
jhamski,Jayamadhuri_122.jpg,disgust
jhamski,Jayamadhuri_29.jpg,disgust
jhamski,FaridaJalal_3.jpg,disgust
jhamski,Jayamadhuri_9.jpg,disgust
jhamski,Jayamadhuri_17.jpg,disgust
jhamski,Jayamadhuri_65.jpg,disgust
jhamski,Dwarakish_39.jpg,disgust
jhamski,Dwarakish_25.jpg,disgust
jhamski,FaridaJalal_13.jpg,disgust
jhamski,Jayamadhuri_193.jpg,disgust
jhamski,Dwarakish_65.jpg,disgust
jhamski,Dwarakish_62.jpg,disgust
jhamski,Dwarakish_202.jpg,disgust
jhamski,Dwarakish_121.jpg,disgust
jhamski,Dwarakish_57.jpg,disgust
jhamski,Dwarakish_104.jpg,disgust
jhamski,HrithikRoshan_119.jpg,disgust
jhamski,Jayamadhuri_36.jpg,disgust
jhamski,Jayamadhuri_120.jpg,disgust
jhamski,Dwarakish_198.jpg,disgust
jhamski,Dwarakish_190.jpg,disgust
jhamski,FaridaJalal_104.jpg,disgust
